origin,destination,intermediate,distance,duration,static_duration,polyline,request_time,description,request_time_UTC,duration_minutes,day_of_week,weekend,distance_miles,route_id,direction,route_description,request_time_local
JND_Rimrock_inbound,Hairball_inbound,NA,3849,272,289,sqveG`|n`PwBnDgBvBiB`BgG~DgBv@gJ|CcBt@iAp@_BtAkG~GsBrBcInHkRfQuD~CqAr@qAd@uARuABaAIwKgBcAUwEaBkDcBcBgAg@_@MSmB_BcCmC}@oAk@aAwG{IoImL{CyEmA}AaDoDcCuC]SUG,2025-10-12T21:39:21Z,John Nolen Dr,NA,4.533333333333333,Sun,TRUE,2.3916577189214983,John Nolen Dr (Rimrock <-> Hairball),NB,JND Rimrock to Hairball via John Nolen Dr,NA
Hairball_outbound,JND_Rimrock_outbound,NA,3905,278,312,gh|eGjeo`P^?\H\TdE`FdCbD`E`GnPnUlDrEfCbD~AnAtChBhCpAxChAlCr@dG~@bFh@fBAvASlAc@tAw@vIoHzMuLtCgCZ_@rEaExHiIhA_A|AaAh@WhGwBjBi@jBu@zA}@nGyE|AaBfAwA~@{AJA^ST@`@L,2025-10-12T21:39:21Z,John Nolen Dr,NA,4.633333333333334,Sun,TRUE,2.426454505686789,John Nolen Dr (Rimrock <-> Hairball),SB,Hairball to JND Rimrock via John Nolen Dr,NA
Johnson_First_inbound,University_Bassett,NA,3483,398,403,yy_fGvql`PbDpFJRlD~FdCfEjEvGtD|Gv@rAn@hBJ`A@`CDf@Nn@L\h@hA~DvG`K`PjDzF|Sr\rFxIhBnCt[xg@jApBr@bAnHvL,2025-10-12T21:39:21Z,E Gorham St,NA,6.633333333333334,Sun,TRUE,2.1642358625626343,Gorham (First to Bassett),SB,Johnson First to University Bassett via E Gorham St,NA
University_Bassett,University_Babcock,NA,1409,198,205,_w{eGxvr`PJZFp@ArHMbWCdHG|FGjRErT?hDMhFKb@,2025-10-12T21:39:21Z,University Ave,NA,3.3,Sun,TRUE,0.8755120098624035,University (Bassett to Babcock),WB,University Bassett to University Babcock via University Ave,NA
Johnson_Orchard,Johnson_First_outbound,NA,4639,547,559,gp{eG`gu`PDkFFkRVch@@eIGe@Wy@eAsBoVm`@qBmD}BoDoAiBeNoTkAuBkf@sv@{Vca@{F}Is@kAkCeFqCeF_@m@s@sAc@s@,2025-10-12T21:39:21Z,W Johnson St,NA,9.116666666666667,Sun,TRUE,2.882540960788992,Johnson (Orchard to First),NB,Johnson Orchard to Johnson First via W Johnson St,NA
E_Wash_Blair_outbound,E_Wash_E_Springs_outbound,NA,8528,838,872,{x|eGluo`PgUg^{LyRsVq`@s@qAiFcImIuMmGyJcFsH{LeQeM}QyFsIs@y@kCoBkAy@oBcBc@k@i@}@e@eAy@gCgHqUSi@gAoB{AoBkCqCwD_DuBiCuAoBy@yAuAwCuAaC[i@yAkBaGwIeGoJyFkIcG{KoEeIcEyHsBsD{AqCkHcMqBkDqHsMuJsOcWgb@o@aAmEsH_FwH{BwDsJmONW,2025-10-12T21:39:22Z,US-151 N/E Washington Ave,NA,13.966666666666667,Sun,TRUE,5.299053527399984,E Wash (Blair <-> E Springs),NB,E Wash Blair to E Wash E Springs via US-151 N/E Washington Ave,NA
E_Wash_Blair_outbound,E_Wash_E_Springs_outbound,NA,9039,943,955,{x|eGluo`PoEaHwLbQmb@iq@uJqOgG{J{F}Is@kAkCeFqCeF_@m@s@sAyD{F}@eASQuAg@Wg@Kg@}AcCm@w@GAoKqOeG{IuImM_DoE{A}BSw@K{@RqZNe@~@q@{EuO{@aBu@eAy@cAkCqCwD_DuBiCuAoBy@yAuAwCuAaC[i@yAkBaGwIeGoJyFkIcG{KoEeIcEyHsBsD{AqCkHcMqBkDqHsMuJsOcWgb@o@aAmEsH_FwH{BwDsJmONW,2025-10-12T21:39:22Z,E Johnson St and US-151 N/E Washington Ave,NA,15.716666666666667,Sun,TRUE,5.616574206633262,E Wash (Blair <-> E Springs),NB,E Wash Blair to E Wash E Springs via E Johnson St and US-151 N/E Washington Ave,NA
E_Wash_Blair_outbound,E_Wash_E_Springs_outbound,NA,11141,906,930,{x|eGluo`PgUg^{LyRsVq`@s@qAiFcImIuMmGyJcFsH{LeQeM}QyFsIs@y@kCoBkAy@oBcBc@k@i@}@e@eAy@gCgHqUSi@gAoB{AoBkCqCIWw@eA_BcBIQEk@Ho@?g@SkA[gBMcB?wDE]Rie@p@_mCFuFJSh@aNTwB`@sBTu@~@kCLm@FoAL]HI@i@GSOESD{@b@cATw@QUOGMSISDMPoABgBEGDw@Wc@Yg@o@[u@q@aCeDwKo@qAq@m@{@_@q@GkRW_AGkFOw@Ds@PWJoAz@{CtDi@`@eAb@w@J{FEw@Ja@JaAh@u@XsA|@uAlA]BSEUIU@QPGPwEhDq@RmABo@AOFiCIWI}BCs@FcA`@gAn@u@~@sAtBaN`TwAvBUDUT[IsIaNNW,2025-10-12T21:39:22Z,US-151 N/E Washington Ave and WI-30 E,NA,15.1,Sun,TRUE,6.922696452716138,E Wash (Blair <-> E Springs),NB,E Wash Blair to E Wash E Springs via US-151 N/E Washington Ave and WI-30 E,NA
Williamson_Wilson_outbound,Williamson_Thornton_outbound,NA,1851,206,240,{i|eGr}n`PQaAWs@cDsFk@y@E?{Ra[sHoL}D{GcM}Rs@iAoB}BiI_J,2025-10-12T21:39:22Z,Williamson St,NA,3.433333333333333,Sun,TRUE,1.150158076831305,Williamson (Wilson <-> Thornton),NB,Williamson Wilson to Williamson Thornton via Williamson St,NA
Williamson_Thornton_inbound,Williamson_Wilson_inbound,NA,1755,198,217,{r~eGzxk`PrKnLd@l@jJ~N~DrG~D|GvWxa@`BlCt@tAp@`Bh@z@,2025-10-12T21:39:22Z,Williamson St,NA,3.3,Sun,TRUE,1.0905064423765212,Williamson (Wilson <-> Thornton),SB,Williamson Thornton to Williamson Wilson via Williamson St,NA
Park_Badger_inbound,Park_University_inbound,NA,4003,450,469,u}teGfwr`P}K?cQAcEBuCD_KAeIIqB@sCXyCh@sA^eC~@aCtAiMrJ{IzGmHvFaEtCg@Rs@NcBBuE?{IFyDCkEAmBEYB[AmCT{DTuKCiIW}DImCYaC?,2025-10-12T21:39:22Z,Wisconsin Law Enforcement Officers Hwy and S Park St,NA,7.5,Sun,TRUE,2.4873488825260477,Park (Badger <-> University),NB,Park Badger to Park University via Wisconsin Law Enforcement Officers Hwy and S Park St,NA
Park_Badger_inbound,Park_University_inbound,NA,4810,526,534,u}teGfwr`PEdJB`BQzn@eO@MJwN@MKmCK}A]eBs@s@_@M?sXqRgDsBeAg@u@YsBa@yDCcGC_EGmD?kACOIWIOQQYaGrEaEtCg@Rs@NcBBuE?{IFyDCkEAmBEYB[AmCT{DTuKCiIW}DImCYaC?,2025-10-12T21:39:22Z,Fish Hatchery Rd,NA,8.766666666666667,Sun,TRUE,2.988795434661576,Park (Badger <-> University),NB,Park Badger to Park University via Fish Hatchery Rd,NA
Park_University_outbound,Park_Badger_outbound,NA,3987,467,483,}v{eGnat`PtC@bALzATd@BpB@fIRhIB`KY|DQ`HDbLA|DApA@bAEf@GdA_@TOnEkDzEsDhCsBlE}CfLcJfCcBvB_AdCy@hBa@jDg@xAEtKBfGAnE@hKKtOFxGA,2025-10-12T21:39:23Z,N Park St,NA,7.783333333333333,Sun,TRUE,2.4774069434502506,Park (Badger <-> University),SB,Park University to Park Badger via N Park St,NA
Broom_JND,Broom_Gorham,NA,872,192,181,qyzeGv_q`P]l@?Hy@jAmB`DsOpTyIhMm@x@,2025-10-12T21:39:23Z,S Broom St,NA,3.2,Sun,TRUE,0.5418356796309552,Broom (JND to University),NB,Broom JND to Broom Gorham via S Broom St,NA
Regent_Monroe,North_Shore_Bedford_EB,NA,2074,241,265,stzeGdmv`PGq@FuHZ{gAH_@?eGBsBX_BdAsFb@cBRoARg@`BeClImLj@}@T{@Hw@@iAEm@Mm@[{@UYo@i@,2025-10-12T21:39:23Z,Regent St,NA,4.016666666666667,Sun,TRUE,1.2887238527002307,Regent (Monroe <-> Bedford),EB,Regent Monroe to North Shore Bedford EB via Regent St,NA
North_Shore_Bedford_WB,Regent_Monroe,NA,2205,264,281,eizeGlvq`PrD|Bz@f@XV`@j@Tt@Hh@@~@Ep@W~@i@|@wLzPMV]rBqB|JQ|ACnANdGB^]bkAElEG\NR,2025-10-12T21:39:23Z,US-151 S and Regent St,NA,4.4,Sun,TRUE,1.3701234788833214,Regent (Monroe <-> Bedford),WB,North Shore Bedford WB to Regent Monroe via US-151 S and Regent St,NA
JND_Rimrock_inbound,Hairball_inbound,NA,3849,275,289,sqveG`|n`PwBnDgBvBiB`BgG~DgBv@gJ|CcBt@iAp@_BtAkG~GsBrBcInHkRfQuD~CqAr@qAd@uARuABaAIwKgBcAUwEaBkDcBcBgAg@_@MSmB_BcCmC}@oAk@aAwG{IoImL{CyEmA}AaDoDcCuC]SUG,2025-10-12T23:43:14Z,John Nolen Dr,NA,4.583333333333333,Sun,TRUE,2.3916577189214983,John Nolen Dr (Rimrock <-> Hairball),NB,JND Rimrock to Hairball via John Nolen Dr,NA
Hairball_outbound,JND_Rimrock_outbound,NA,3905,287,312,gh|eGjeo`P^?\H\TdE`FdCbD`E`GnPnUlDrEfCbD~AnAtChBhCpAxChAlCr@dG~@bFh@fBAvASlAc@tAw@vIoHzMuLtCgCZ_@rEaExHiIhA_A|AaAh@WhGwBjBi@jBu@zA}@nGyE|AaBfAwA~@{AJA^ST@`@L,2025-10-12T23:43:14Z,John Nolen Dr,NA,4.783333333333333,Sun,TRUE,2.426454505686789,John Nolen Dr (Rimrock <-> Hairball),SB,Hairball to JND Rimrock via John Nolen Dr,NA
Johnson_First_inbound,University_Bassett,NA,3483,424,403,yy_fGvql`PbDpFJRlD~FdCfEjEvGtD|Gv@rAn@hBJ`A@`CDf@Nn@L\h@hA~DvG`K`PjDzF|Sr\rFxIhBnCt[xg@jApBr@bAnHvL,2025-10-12T23:43:14Z,E Gorham St,NA,7.066666666666666,Sun,TRUE,2.1642358625626343,Gorham (First to Bassett),SB,Johnson First to University Bassett via E Gorham St,NA
University_Bassett,University_Babcock,NA,1409,198,205,_w{eGxvr`PJZFp@ArHMbWCdHG|FGjRErT?hDMhFKb@,2025-10-12T23:43:15Z,University Ave,NA,3.3,Sun,TRUE,0.8755120098624035,University (Bassett to Babcock),WB,University Bassett to University Babcock via University Ave,NA
Johnson_Orchard,Johnson_First_outbound,NA,4639,531,559,gp{eG`gu`PDkFFkRVch@@eIGe@Wy@eAsBoVm`@qBmD}BoDoAiBeNoTkAuBkf@sv@{Vca@{F}Is@kAkCeFqCeF_@m@s@sAc@s@,2025-10-12T23:43:15Z,W Johnson St,NA,8.85,Sun,TRUE,2.882540960788992,Johnson (Orchard to First),NB,Johnson Orchard to Johnson First via W Johnson St,NA
E_Wash_Blair_outbound,E_Wash_E_Springs_outbound,NA,8528,806,872,{x|eGluo`PgUg^{LyRsVq`@s@qAiFcImIuMmGyJcFsH{LeQeM}QyFsIs@y@kCoBkAy@oBcBc@k@i@}@e@eAy@gCgHqUSi@gAoB{AoBkCqCwD_DuBiCuAoBy@yAuAwCuAaC[i@yAkBaGwIeGoJyFkIcG{KoEeIcEyHsBsD{AqCkHcMqBkDqHsMuJsOcWgb@o@aAmEsH_FwH{BwDsJmONW,2025-10-12T23:43:15Z,US-151 N/E Washington Ave,NA,13.433333333333334,Sun,TRUE,5.299053527399984,E Wash (Blair <-> E Springs),NB,E Wash Blair to E Wash E Springs via US-151 N/E Washington Ave,NA
E_Wash_Blair_outbound,E_Wash_E_Springs_outbound,NA,9039,920,955,{x|eGluo`PoEaHwLbQmb@iq@uJqOgG{J{F}Is@kAkCeFqCeF_@m@s@sAyD{F}@eASQuAg@Wg@Kg@}AcCm@w@GAoKqOeG{IuImM_DoE{A}BSw@K{@RqZNe@~@q@{EuO{@aBu@eAy@cAkCqCwD_DuBiCuAoBy@yAuAwCuAaC[i@yAkBaGwIeGoJyFkIcG{KoEeIcEyHsBsD{AqCkHcMqBkDqHsMuJsOcWgb@o@aAmEsH_FwH{BwDsJmONW,2025-10-12T23:43:15Z,E Johnson St and US-151 N/E Washington Ave,NA,15.333333333333334,Sun,TRUE,5.616574206633262,E Wash (Blair <-> E Springs),NB,E Wash Blair to E Wash E Springs via E Johnson St and US-151 N/E Washington Ave,NA
E_Wash_Blair_outbound,E_Wash_E_Springs_outbound,NA,11141,894,930,{x|eGluo`PgUg^{LyRsVq`@s@qAiFcImIuMmGyJcFsH{LeQeM}QyFsIs@y@kCoBkAy@oBcBc@k@i@}@e@eAy@gCgHqUSi@gAoB{AoBkCqCIWw@eA_BcBIQEk@Ho@?g@SkA[gBMcB?wDE]Rie@p@_mCFuFJSh@aNTwB`@sBTu@~@kCLm@FoAL]HI@i@GSOESD{@b@cATw@QUOGMSISDMPoABgBEGDw@Wc@Yg@o@[u@q@aCeDwKo@qAq@m@{@_@q@GkRW_AGkFOw@Ds@PWJoAz@{CtDi@`@eAb@w@J{FEw@Ja@JaAh@u@XsA|@uAlA]BSEUIU@QPGPwEhDq@RmABo@AOFiCIWI}BCs@FcA`@gAn@u@~@sAtBaN`TwAvBUDUT[IsIaNNW,2025-10-12T23:43:15Z,US-151 N/E Washington Ave and WI-30 E,NA,14.9,Sun,TRUE,6.922696452716138,E Wash (Blair <-> E Springs),NB,E Wash Blair to E Wash E Springs via US-151 N/E Washington Ave and WI-30 E,NA
Williamson_Wilson_outbound,Williamson_Thornton_outbound,NA,1851,206,240,{i|eGr}n`PQaAWs@cDsFk@y@E?{Ra[sHoL}D{GcM}Rs@iAoB}BiI_J,2025-10-12T23:43:15Z,Williamson St,NA,3.433333333333333,Sun,TRUE,1.150158076831305,Williamson (Wilson <-> Thornton),NB,Williamson Wilson to Williamson Thornton via Williamson St,NA
Williamson_Thornton_inbound,Williamson_Wilson_inbound,NA,1755,196,217,{r~eGzxk`PrKnLd@l@jJ~N~DrG~D|GvWxa@`BlCt@tAp@`Bh@z@,2025-10-12T23:43:16Z,Williamson St,NA,3.2666666666666666,Sun,TRUE,1.0905064423765212,Williamson (Wilson <-> Thornton),SB,Williamson Thornton to Williamson Wilson via Williamson St,NA
Park_Badger_inbound,Park_University_inbound,NA,4003,450,469,u}teGfwr`P}K?cQAcEBuCD_KAeIIqB@sCXyCh@sA^eC~@aCtAiMrJ{IzGmHvFaEtCg@Rs@NcBBuE?{IFyDCkEAmBEYB[AmCT{DTuKCiIW}DImCYaC?,2025-10-12T23:43:16Z,Wisconsin Law Enforcement Officers Hwy and S Park St,NA,7.5,Sun,TRUE,2.4873488825260477,Park (Badger <-> University),NB,Park Badger to Park University via Wisconsin Law Enforcement Officers Hwy and S Park St,NA
Park_Badger_inbound,Park_University_inbound,NA,4810,538,534,u}teGfwr`PEdJB`BQzn@eO@MJwN@MKmCK}A]eBs@s@_@M?sXqRgDsBeAg@u@YsBa@yDCcGC_EGmD?kACOIWIOQQYaGrEaEtCg@Rs@NcBBuE?{IFyDCkEAmBEYB[AmCT{DTuKCiIW}DImCYaC?,2025-10-12T23:43:16Z,Fish Hatchery Rd,NA,8.966666666666667,Sun,TRUE,2.988795434661576,Park (Badger <-> University),NB,Park Badger to Park University via Fish Hatchery Rd,NA
Park_University_outbound,Park_Badger_outbound,NA,3987,468,483,}v{eGnat`PtC@bALzATd@BpB@fIRhIB`KY|DQ`HDbLA|DApA@bAEf@GdA_@TOnEkDzEsDhCsBlE}CfLcJfCcBvB_AdCy@hBa@jDg@xAEtKBfGAnE@hKKtOFxGA,2025-10-12T23:43:16Z,N Park St,NA,7.8,Sun,TRUE,2.4774069434502506,Park (Badger <-> University),SB,Park University to Park Badger via N Park St,NA
Broom_JND,Broom_Gorham,NA,872,182,181,qyzeGv_q`P]l@?Hy@jAmB`DsOpTyIhMm@x@,2025-10-12T23:43:16Z,S Broom St,NA,3.033333333333333,Sun,TRUE,0.5418356796309552,Broom (JND to University),NB,Broom JND to Broom Gorham via S Broom St,NA
Regent_Monroe,North_Shore_Bedford_EB,NA,2074,242,265,stzeGdmv`PGq@FuHZ{gAH_@?eGBsBX_BdAsFb@cBRoARg@`BeClImLj@}@T{@Hw@@iAEm@Mm@[{@UYo@i@,2025-10-12T23:43:16Z,Regent St,NA,4.033333333333333,Sun,TRUE,1.2887238527002307,Regent (Monroe <-> Bedford),EB,Regent Monroe to North Shore Bedford EB via Regent St,NA
North_Shore_Bedford_WB,Regent_Monroe,NA,2205,261,281,eizeGlvq`PrD|Bz@f@XV`@j@Tt@Hh@@~@Ep@W~@i@|@wLzPMV]rBqB|JQ|ACnANdGB^]bkAElEG\NR,2025-10-12T23:43:17Z,US-151 S and Regent St,NA,4.35,Sun,TRUE,1.3701234788833214,Regent (Monroe <-> Bedford),WB,North Shore Bedford WB to Regent Monroe via US-151 S and Regent St,NA
JND_Rimrock_inbound,Hairball_inbound,NA,3849,278,289,sqveG`|n`PwBnDgBvBiB`BgG~DgBv@gJ|CcBt@iAp@_BtAkG~GsBrBcInHkRfQuD~CqAr@qAd@uARuABaAIwKgBcAUwEaBkDcBcBgAg@_@MSmB_BcCmC}@oAk@aAwG{IoImL{CyEmA}AaDoDcCuC]SUG,2025-10-12T23:49:34Z,John Nolen Dr,NA,4.633333333333334,Sun,TRUE,2.3916577189214983,John Nolen Dr (Rimrock <-> Hairball),NB,JND Rimrock to Hairball via John Nolen Dr,NA
Hairball_outbound,JND_Rimrock_outbound,NA,3905,286,312,gh|eGjeo`P^?\H\TdE`FdCbD`E`GnPnUlDrEfCbD~AnAtChBhCpAxChAlCr@dG~@bFh@fBAvASlAc@tAw@vIoHzMuLtCgCZ_@rEaExHiIhA_A|AaAh@WhGwBjBi@jBu@zA}@nGyE|AaBfAwA~@{AJA^ST@`@L,2025-10-12T23:49:34Z,John Nolen Dr,NA,4.766666666666667,Sun,TRUE,2.426454505686789,John Nolen Dr (Rimrock <-> Hairball),SB,Hairball to JND Rimrock via John Nolen Dr,NA
Johnson_First_inbound,University_Bassett,NA,3483,389,403,yy_fGvql`PbDpFJRlD~FdCfEjEvGtD|Gv@rAn@hBJ`A@`CDf@Nn@L\h@hA~DvG`K`PjDzF|Sr\rFxIhBnCt[xg@jApBr@bAnHvL,2025-10-12T23:49:35Z,E Gorham St,NA,6.483333333333333,Sun,TRUE,2.1642358625626343,Gorham (First to Bassett),SB,Johnson First to University Bassett via E Gorham St,NA
University_Bassett,University_Babcock,NA,1409,207,205,_w{eGxvr`PJZFp@ArHMbWCdHG|FGjRErT?hDMhFKb@,2025-10-12T23:49:35Z,University Ave,NA,3.45,Sun,TRUE,0.8755120098624035,University (Bassett to Babcock),WB,University Bassett to University Babcock via University Ave,NA
Johnson_Orchard,Johnson_First_outbound,NA,4639,545,559,gp{eG`gu`PDkFFkRVch@@eIGe@Wy@eAsBoVm`@qBmD}BoDoAiBeNoTkAuBkf@sv@{Vca@{F}Is@kAkCeFqCeF_@m@s@sAc@s@,2025-10-12T23:49:35Z,W Johnson St,NA,9.083333333333334,Sun,TRUE,2.882540960788992,Johnson (Orchard to First),NB,Johnson Orchard to Johnson First via W Johnson St,NA
E_Wash_Blair_outbound,E_Wash_E_Springs_outbound,NA,8528,796,872,{x|eGluo`PgUg^{LyRsVq`@s@qAiFcImIuMmGyJcFsH{LeQeM}QyFsIs@y@kCoBkAy@oBcBc@k@i@}@e@eAy@gCgHqUSi@gAoB{AoBkCqCwD_DuBiCuAoBy@yAuAwCuAaC[i@yAkBaGwIeGoJyFkIcG{KoEeIcEyHsBsD{AqCkHcMqBkDqHsMuJsOcWgb@o@aAmEsH_FwH{BwDsJmONW,2025-10-12T23:49:35Z,US-151 N/E Washington Ave,NA,13.266666666666667,Sun,TRUE,5.299053527399984,E Wash (Blair <-> E Springs),NB,E Wash Blair to E Wash E Springs via US-151 N/E Washington Ave,NA
E_Wash_Blair_outbound,E_Wash_E_Springs_outbound,NA,11141,886,930,{x|eGluo`PgUg^{LyRsVq`@s@qAiFcImIuMmGyJcFsH{LeQeM}QyFsIs@y@kCoBkAy@oBcBc@k@i@}@e@eAy@gCgHqUSi@gAoB{AoBkCqCIWw@eA_BcBIQEk@Ho@?g@SkA[gBMcB?wDE]Rie@p@_mCFuFJSh@aNTwB`@sBTu@~@kCLm@FoAL]HI@i@GSOESD{@b@cATw@QUOGMSISDMPoABgBEGDw@Wc@Yg@o@[u@q@aCeDwKo@qAq@m@{@_@q@GkRW_AGkFOw@Ds@PWJoAz@{CtDi@`@eAb@w@J{FEw@Ja@JaAh@u@XsA|@uAlA]BSEUIU@QPGPwEhDq@RmABo@AOFiCIWI}BCs@FcA`@gAn@u@~@sAtBaN`TwAvBUDUT[IsIaNNW,2025-10-12T23:49:35Z,US-151 N/E Washington Ave and WI-30 E,NA,14.766666666666667,Sun,TRUE,6.922696452716138,E Wash (Blair <-> E Springs),NB,E Wash Blair to E Wash E Springs via US-151 N/E Washington Ave and WI-30 E,NA
E_Wash_Blair_outbound,E_Wash_E_Springs_outbound,NA,9039,934,955,{x|eGluo`PoEaHwLbQmb@iq@uJqOgG{J{F}Is@kAkCeFqCeF_@m@s@sAyD{F}@eASQuAg@Wg@Kg@}AcCm@w@GAoKqOeG{IuImM_DoE{A}BSw@K{@RqZNe@~@q@{EuO{@aBu@eAy@cAkCqCwD_DuBiCuAoBy@yAuAwCuAaC[i@yAkBaGwIeGoJyFkIcG{KoEeIcEyHsBsD{AqCkHcMqBkDqHsMuJsOcWgb@o@aAmEsH_FwH{BwDsJmONW,2025-10-12T23:49:35Z,E Johnson St and US-151 N/E Washington Ave,NA,15.566666666666666,Sun,TRUE,5.616574206633262,E Wash (Blair <-> E Springs),NB,E Wash Blair to E Wash E Springs via E Johnson St and US-151 N/E Washington Ave,NA
Williamson_Wilson_outbound,Williamson_Thornton_outbound,NA,1851,210,240,{i|eGr}n`PQaAWs@cDsFk@y@E?{Ra[sHoL}D{GcM}Rs@iAoB}BiI_J,2025-10-12T23:49:36Z,Williamson St,NA,3.5,Sun,TRUE,1.150158076831305,Williamson (Wilson <-> Thornton),NB,Williamson Wilson to Williamson Thornton via Williamson St,NA
Williamson_Thornton_inbound,Williamson_Wilson_inbound,NA,1755,203,217,{r~eGzxk`PrKnLd@l@jJ~N~DrG~D|GvWxa@`BlCt@tAp@`Bh@z@,2025-10-12T23:49:36Z,Williamson St,NA,3.3833333333333333,Sun,TRUE,1.0905064423765212,Williamson (Wilson <-> Thornton),SB,Williamson Thornton to Williamson Wilson via Williamson St,NA
Park_Badger_inbound,Park_University_inbound,NA,4003,444,469,u}teGfwr`P}K?cQAcEBuCD_KAeIIqB@sCXyCh@sA^eC~@aCtAiMrJ{IzGmHvFaEtCg@Rs@NcBBuE?{IFyDCkEAmBEYB[AmCT{DTuKCiIW}DImCYaC?,2025-10-12T23:49:36Z,Wisconsin Law Enforcement Officers Hwy and S Park St,NA,7.4,Sun,TRUE,2.4873488825260477,Park (Badger <-> University),NB,Park Badger to Park University via Wisconsin Law Enforcement Officers Hwy and S Park St,NA
Park_Badger_inbound,Park_University_inbound,NA,4810,542,534,u}teGfwr`PEdJB`BQzn@eO@MJwN@MKmCK}A]eBs@s@_@M?sXqRgDsBeAg@u@YsBa@yDCcGC_EGmD?kACOIWIOQQYaGrEaEtCg@Rs@NcBBuE?{IFyDCkEAmBEYB[AmCT{DTuKCiIW}DImCYaC?,2025-10-12T23:49:36Z,Fish Hatchery Rd,NA,9.033333333333333,Sun,TRUE,2.988795434661576,Park (Badger <-> University),NB,Park Badger to Park University via Fish Hatchery Rd,NA
Park_University_outbound,Park_Badger_outbound,NA,3987,464,483,}v{eGnat`PtC@bALzATd@BpB@fIRhIB`KY|DQ`HDbLA|DApA@bAEf@GdA_@TOnEkDzEsDhCsBlE}CfLcJfCcBvB_AdCy@hBa@jDg@xAEtKBfGAnE@hKKtOFxGA,2025-10-12T23:49:36Z,N Park St,NA,7.733333333333333,Sun,TRUE,2.4774069434502506,Park (Badger <-> University),SB,Park University to Park Badger via N Park St,NA
Broom_JND,Broom_Gorham,NA,872,185,181,qyzeGv_q`P]l@?Hy@jAmB`DsOpTyIhMm@x@,2025-10-12T23:49:36Z,S Broom St,NA,3.0833333333333335,Sun,TRUE,0.5418356796309552,Broom (JND to University),NB,Broom JND to Broom Gorham via S Broom St,NA
Regent_Monroe,North_Shore_Bedford_EB,NA,2074,245,265,stzeGdmv`PGq@FuHZ{gAH_@?eGBsBX_BdAsFb@cBRoARg@`BeClImLj@}@T{@Hw@@iAEm@Mm@[{@UYo@i@,2025-10-12T23:49:36Z,Regent St,NA,4.083333333333333,Sun,TRUE,1.2887238527002307,Regent (Monroe <-> Bedford),EB,Regent Monroe to North Shore Bedford EB via Regent St,NA
North_Shore_Bedford_WB,Regent_Monroe,NA,2205,269,281,eizeGlvq`PrD|Bz@f@XV`@j@Tt@Hh@@~@Ep@W~@i@|@wLzPMV]rBqB|JQ|ACnANdGB^]bkAElEG\NR,2025-10-12T23:49:36Z,US-151 S and Regent St,NA,4.483333333333333,Sun,TRUE,1.3701234788833214,Regent (Monroe <-> Bedford),WB,North Shore Bedford WB to Regent Monroe via US-151 S and Regent St,NA
JND_Rimrock_inbound,Hairball_inbound,NA,3849,279,289,sqveG`|n`PwBnDgBvBiB`BgG~DgBv@gJ|CcBt@iAp@_BtAkG~GsBrBcInHkRfQuD~CqAr@qAd@uARuABaAIwKgBcAUwEaBkDcBcBgAg@_@MSmB_BcCmC}@oAk@aAwG{IoImL{CyEmA}AaDoDcCuC]SUG,NA,John Nolen Dr,2025-10-13T00:06:00Z,4.65,NA,FALSE,2.3916577189214983,John Nolen Dr (Rimrock <-> Hairball),NB,JND Rimrock to Hairball via John Nolen Dr,2025-10-12 19:06:00
Hairball_outbound,JND_Rimrock_outbound,NA,3905,287,312,gh|eGjeo`P^?\H\TdE`FdCbD`E`GnPnUlDrEfCbD~AnAtChBhCpAxChAlCr@dG~@bFh@fBAvASlAc@tAw@vIoHzMuLtCgCZ_@rEaExHiIhA_A|AaAh@WhGwBjBi@jBu@zA}@nGyE|AaBfAwA~@{AJA^ST@`@L,NA,John Nolen Dr,2025-10-13T00:06:00Z,4.783333333333333,NA,FALSE,2.426454505686789,John Nolen Dr (Rimrock <-> Hairball),SB,Hairball to JND Rimrock via John Nolen Dr,2025-10-12 19:06:00
Johnson_First_inbound,University_Bassett,NA,3483,376,403,yy_fGvql`PbDpFJRlD~FdCfEjEvGtD|Gv@rAn@hBJ`A@`CDf@Nn@L\h@hA~DvG`K`PjDzF|Sr\rFxIhBnCt[xg@jApBr@bAnHvL,NA,E Gorham St,2025-10-13T00:06:00Z,6.266666666666667,NA,FALSE,2.1642358625626343,Gorham (First to Bassett),SB,Johnson First to University Bassett via E Gorham St,2025-10-12 19:06:00
University_Bassett,University_Babcock,NA,1409,208,205,_w{eGxvr`PJZFp@ArHMbWCdHG|FGjRErT?hDMhFKb@,NA,University Ave,2025-10-13T00:06:01Z,3.466666666666667,NA,FALSE,0.8755120098624035,University (Bassett to Babcock),WB,University Bassett to University Babcock via University Ave,2025-10-12 19:06:01
Johnson_Orchard,Johnson_First_outbound,NA,4639,541,559,gp{eG`gu`PDkFFkRVch@@eIGe@Wy@eAsBoVm`@qBmD}BoDoAiBeNoTkAuBkf@sv@{Vca@{F}Is@kAkCeFqCeF_@m@s@sAc@s@,NA,W Johnson St,2025-10-13T00:06:01Z,9.016666666666667,NA,FALSE,2.882540960788992,Johnson (Orchard to First),NB,Johnson Orchard to Johnson First via W Johnson St,2025-10-12 19:06:01
E_Wash_Blair_outbound,E_Wash_E_Springs_outbound,NA,8528,796,872,{x|eGluo`PgUg^{LyRsVq`@s@qAiFcImIuMmGyJcFsH{LeQeM}QyFsIs@y@kCoBkAy@oBcBc@k@i@}@e@eAy@gCgHqUSi@gAoB{AoBkCqCwD_DuBiCuAoBy@yAuAwCuAaC[i@yAkBaGwIeGoJyFkIcG{KoEeIcEyHsBsD{AqCkHcMqBkDqHsMuJsOcWgb@o@aAmEsH_FwH{BwDsJmONW,NA,US-151 N/E Washington Ave,2025-10-13T00:06:01Z,13.266666666666667,NA,FALSE,5.299053527399984,E Wash (Blair <-> E Springs),NB,E Wash Blair to E Wash E Springs via US-151 N/E Washington Ave,2025-10-12 19:06:01
E_Wash_Blair_outbound,E_Wash_E_Springs_outbound,NA,9039,925,955,{x|eGluo`PoEaHwLbQmb@iq@uJqOgG{J{F}Is@kAkCeFqCeF_@m@s@sAyD{F}@eASQuAg@Wg@Kg@}AcCm@w@GAoKqOeG{IuImM_DoE{A}BSw@K{@RqZNe@~@q@{EuO{@aBu@eAy@cAkCqCwD_DuBiCuAoBy@yAuAwCuAaC[i@yAkBaGwIeGoJyFkIcG{KoEeIcEyHsBsD{AqCkHcMqBkDqHsMuJsOcWgb@o@aAmEsH_FwH{BwDsJmONW,NA,E Johnson St and US-151 N/E Washington Ave,2025-10-13T00:06:01Z,15.416666666666666,NA,FALSE,5.616574206633262,E Wash (Blair <-> E Springs),NB,E Wash Blair to E Wash E Springs via E Johnson St and US-151 N/E Washington Ave,2025-10-12 19:06:01
E_Wash_Blair_outbound,E_Wash_E_Springs_outbound,NA,11141,892,930,{x|eGluo`PgUg^{LyRsVq`@s@qAiFcImIuMmGyJcFsH{LeQeM}QyFsIs@y@kCoBkAy@oBcBc@k@i@}@e@eAy@gCgHqUSi@gAoB{AoBkCqCIWw@eA_BcBIQEk@Ho@?g@SkA[gBMcB?wDE]Rie@p@_mCFuFJSh@aNTwB`@sBTu@~@kCLm@FoAL]HI@i@GSOESD{@b@cATw@QUOGMSISDMPoABgBEGDw@Wc@Yg@o@[u@q@aCeDwKo@qAq@m@{@_@q@GkRW_AGkFOw@Ds@PWJoAz@{CtDi@`@eAb@w@J{FEw@Ja@JaAh@u@XsA|@uAlA]BSEUIU@QPGPwEhDq@RmABo@AOFiCIWI}BCs@FcA`@gAn@u@~@sAtBaN`TwAvBUDUT[IsIaNNW,NA,US-151 N/E Washington Ave and WI-30 E,2025-10-13T00:06:01Z,14.866666666666667,NA,FALSE,6.922696452716138,E Wash (Blair <-> E Springs),NB,E Wash Blair to E Wash E Springs via US-151 N/E Washington Ave and WI-30 E,2025-10-12 19:06:01
Williamson_Wilson_outbound,Williamson_Thornton_outbound,NA,1851,204,240,{i|eGr}n`PQaAWs@cDsFk@y@E?{Ra[sHoL}D{GcM}Rs@iAoB}BiI_J,NA,Williamson St,2025-10-13T00:06:01Z,3.4,NA,FALSE,1.150158076831305,Williamson (Wilson <-> Thornton),NB,Williamson Wilson to Williamson Thornton via Williamson St,2025-10-12 19:06:01
Williamson_Thornton_inbound,Williamson_Wilson_inbound,NA,1755,195,217,{r~eGzxk`PrKnLd@l@jJ~N~DrG~D|GvWxa@`BlCt@tAp@`Bh@z@,NA,Williamson St,2025-10-13T00:06:02Z,3.25,NA,FALSE,1.0905064423765212,Williamson (Wilson <-> Thornton),SB,Williamson Thornton to Williamson Wilson via Williamson St,2025-10-12 19:06:02
Park_Badger_inbound,Park_University_inbound,NA,4003,473,469,u}teGfwr`P}K?cQAcEBuCD_KAeIIqB@sCXyCh@sA^eC~@aCtAiMrJ{IzGmHvFaEtCg@Rs@NcBBuE?{IFyDCkEAmBEYB[AmCT{DTuKCiIW}DImCYaC?,NA,Wisconsin Law Enforcement Officers Hwy and S Park St,2025-10-13T00:06:02Z,7.883333333333334,NA,FALSE,2.4873488825260477,Park (Badger <-> University),NB,Park Badger to Park University via Wisconsin Law Enforcement Officers Hwy and S Park St,2025-10-12 19:06:02
Park_Badger_inbound,Park_University_inbound,NA,4810,544,534,u}teGfwr`PEdJB`BQzn@eO@MJwN@MKmCK}A]eBs@s@_@M?sXqRgDsBeAg@u@YsBa@yDCcGC_EGmD?kACOIWIOQQYaGrEaEtCg@Rs@NcBBuE?{IFyDCkEAmBEYB[AmCT{DTuKCiIW}DImCYaC?,NA,Fish Hatchery Rd,2025-10-13T00:06:02Z,9.066666666666666,NA,FALSE,2.988795434661576,Park (Badger <-> University),NB,Park Badger to Park University via Fish Hatchery Rd,2025-10-12 19:06:02
Park_University_outbound,Park_Badger_outbound,NA,3987,468,483,}v{eGnat`PtC@bALzATd@BpB@fIRhIB`KY|DQ`HDbLA|DApA@bAEf@GdA_@TOnEkDzEsDhCsBlE}CfLcJfCcBvB_AdCy@hBa@jDg@xAEtKBfGAnE@hKKtOFxGA,NA,N Park St,2025-10-13T00:06:02Z,7.8,NA,FALSE,2.4774069434502506,Park (Badger <-> University),SB,Park University to Park Badger via N Park St,2025-10-12 19:06:02
Broom_JND,Broom_Gorham,NA,872,174,181,qyzeGv_q`P]l@?Hy@jAmB`DsOpTyIhMm@x@,NA,S Broom St,2025-10-13T00:06:02Z,2.9,NA,FALSE,0.5418356796309552,Broom (JND to University),NB,Broom JND to Broom Gorham via S Broom St,2025-10-12 19:06:02
Regent_Monroe,North_Shore_Bedford_EB,NA,2074,247,265,stzeGdmv`PGq@FuHZ{gAH_@?eGBsBX_BdAsFb@cBRoARg@`BeClImLj@}@T{@Hw@@iAEm@Mm@[{@UYo@i@,NA,Regent St,2025-10-13T00:06:02Z,4.116666666666666,NA,FALSE,1.2887238527002307,Regent (Monroe <-> Bedford),EB,Regent Monroe to North Shore Bedford EB via Regent St,2025-10-12 19:06:02
North_Shore_Bedford_WB,Regent_Monroe,NA,2205,269,281,eizeGlvq`PrD|Bz@f@XV`@j@Tt@Hh@@~@Ep@W~@i@|@wLzPMV]rBqB|JQ|ACnANdGB^]bkAElEG\NR,NA,US-151 S and Regent St,2025-10-13T00:06:02Z,4.483333333333333,NA,FALSE,1.3701234788833214,Regent (Monroe <-> Bedford),WB,North Shore Bedford WB to Regent Monroe via US-151 S and Regent St,2025-10-12 19:06:02
JND_Rimrock_inbound,Hairball_inbound,NA,3849,265,289,sqveG`|n`PwBnDgBvBiB`BgG~DgBv@gJ|CcBt@iAp@_BtAkG~GsBrBcInHkRfQuD~CqAr@qAd@uARuABaAIwKgBcAUwEaBkDcBcBgAg@_@MSmB_BcCmC}@oAk@aAwG{IoImL{CyEmA}AaDoDcCuC]SUG,NA,John Nolen Dr,2025-10-13T00:57:49Z,4.416666666666667,NA,FALSE,2.3916577189214983,John Nolen Dr (Rimrock <-> Hairball),NB,JND Rimrock to Hairball via John Nolen Dr,2025-10-12 19:57:49
Hairball_outbound,JND_Rimrock_outbound,NA,3905,280,312,gh|eGjeo`P^?\H\TdE`FdCbD`E`GnPnUlDrEfCbD~AnAtChBhCpAxChAlCr@dG~@bFh@fBAvASlAc@tAw@vIoHzMuLtCgCZ_@rEaExHiIhA_A|AaAh@WhGwBjBi@jBu@zA}@nGyE|AaBfAwA~@{AJA^ST@`@L,NA,John Nolen Dr,2025-10-13T00:57:50Z,4.666666666666667,NA,FALSE,2.426454505686789,John Nolen Dr (Rimrock <-> Hairball),SB,Hairball to JND Rimrock via John Nolen Dr,2025-10-12 19:57:50
Johnson_First_inbound,University_Bassett,NA,3483,370,403,yy_fGvql`PbDpFJRlD~FdCfEjEvGtD|Gv@rAn@hBJ`A@`CDf@Nn@L\h@hA~DvG`K`PjDzF|Sr\rFxIhBnCt[xg@jApBr@bAnHvL,NA,E Gorham St,2025-10-13T00:57:50Z,6.166666666666667,NA,FALSE,2.1642358625626343,Gorham (First to Bassett),SB,Johnson First to University Bassett via E Gorham St,2025-10-12 19:57:50
University_Bassett,University_Babcock,NA,1409,207,205,_w{eGxvr`PJZFp@ArHMbWCdHG|FGjRErT?hDMhFKb@,NA,University Ave,2025-10-13T00:57:50Z,3.45,NA,FALSE,0.8755120098624035,University (Bassett to Babcock),WB,University Bassett to University Babcock via University Ave,2025-10-12 19:57:50
Johnson_Orchard,Johnson_First_outbound,NA,4639,526,559,gp{eG`gu`PDkFFkRVch@@eIGe@Wy@eAsBoVm`@qBmD}BoDoAiBeNoTkAuBkf@sv@{Vca@{F}Is@kAkCeFqCeF_@m@s@sAc@s@,NA,W Johnson St,2025-10-13T00:57:50Z,8.766666666666667,NA,FALSE,2.882540960788992,Johnson (Orchard to First),NB,Johnson Orchard to Johnson First via W Johnson St,2025-10-12 19:57:50
E_Wash_Blair_outbound,E_Wash_E_Springs_outbound,NA,8528,774,872,{x|eGluo`PgUg^{LyRsVq`@s@qAiFcImIuMmGyJcFsH{LeQeM}QyFsIs@y@kCoBkAy@oBcBc@k@i@}@e@eAy@gCgHqUSi@gAoB{AoBkCqCwD_DuBiCuAoBy@yAuAwCuAaC[i@yAkBaGwIeGoJyFkIcG{KoEeIcEyHsBsD{AqCkHcMqBkDqHsMuJsOcWgb@o@aAmEsH_FwH{BwDsJmONW,NA,US-151 N/E Washington Ave,2025-10-13T00:57:50Z,12.9,NA,FALSE,5.299053527399984,E Wash (Blair <-> E Springs),NB,E Wash Blair to E Wash E Springs via US-151 N/E Washington Ave,2025-10-12 19:57:50
E_Wash_Blair_outbound,E_Wash_E_Springs_outbound,NA,9039,901,955,{x|eGluo`PoEaHwLbQmb@iq@uJqOgG{J{F}Is@kAkCeFqCeF_@m@s@sAyD{F}@eASQuAg@Wg@Kg@}AcCm@w@GAoKqOeG{IuImM_DoE{A}BSw@K{@RqZNe@~@q@{EuO{@aBu@eAy@cAkCqCwD_DuBiCuAoBy@yAuAwCuAaC[i@yAkBaGwIeGoJyFkIcG{KoEeIcEyHsBsD{AqCkHcMqBkDqHsMuJsOcWgb@o@aAmEsH_FwH{BwDsJmONW,NA,E Johnson St and US-151 N/E Washington Ave,2025-10-13T00:57:50Z,15.016666666666667,NA,FALSE,5.616574206633262,E Wash (Blair <-> E Springs),NB,E Wash Blair to E Wash E Springs via E Johnson St and US-151 N/E Washington Ave,2025-10-12 19:57:50
E_Wash_Blair_outbound,E_Wash_E_Springs_outbound,NA,11141,886,930,{x|eGluo`PgUg^{LyRsVq`@s@qAiFcImIuMmGyJcFsH{LeQeM}QyFsIs@y@kCoBkAy@oBcBc@k@i@}@e@eAy@gCgHqUSi@gAoB{AoBkCqCIWw@eA_BcBIQEk@Ho@?g@SkA[gBMcB?wDE]Rie@p@_mCFuFJSh@aNTwB`@sBTu@~@kCLm@FoAL]HI@i@GSOESD{@b@cATw@QUOGMSISDMPoABgBEGDw@Wc@Yg@o@[u@q@aCeDwKo@qAq@m@{@_@q@GkRW_AGkFOw@Ds@PWJoAz@{CtDi@`@eAb@w@J{FEw@Ja@JaAh@u@XsA|@uAlA]BSEUIU@QPGPwEhDq@RmABo@AOFiCIWI}BCs@FcA`@gAn@u@~@sAtBaN`TwAvBUDUT[IsIaNNW,NA,US-151 N/E Washington Ave and WI-30 E,2025-10-13T00:57:50Z,14.766666666666667,NA,FALSE,6.922696452716138,E Wash (Blair <-> E Springs),NB,E Wash Blair to E Wash E Springs via US-151 N/E Washington Ave and WI-30 E,2025-10-12 19:57:50
Williamson_Wilson_outbound,Williamson_Thornton_outbound,NA,1851,209,240,{i|eGr}n`PQaAWs@cDsFk@y@E?{Ra[sHoL}D{GcM}Rs@iAoB}BiI_J,NA,Williamson St,2025-10-13T00:57:50Z,3.4833333333333334,NA,FALSE,1.150158076831305,Williamson (Wilson <-> Thornton),NB,Williamson Wilson to Williamson Thornton via Williamson St,2025-10-12 19:57:50
Williamson_Thornton_inbound,Williamson_Wilson_inbound,NA,1755,203,217,{r~eGzxk`PrKnLd@l@jJ~N~DrG~D|GvWxa@`BlCt@tAp@`Bh@z@,NA,Williamson St,2025-10-13T00:57:50Z,3.3833333333333333,NA,FALSE,1.0905064423765212,Williamson (Wilson <-> Thornton),SB,Williamson Thornton to Williamson Wilson via Williamson St,2025-10-12 19:57:50
Park_Badger_inbound,Park_University_inbound,NA,4003,443,469,u}teGfwr`P}K?cQAcEBuCD_KAeIIqB@sCXyCh@sA^eC~@aCtAiMrJ{IzGmHvFaEtCg@Rs@NcBBuE?{IFyDCkEAmBEYB[AmCT{DTuKCiIW}DImCYaC?,NA,Wisconsin Law Enforcement Officers Hwy and S Park St,2025-10-13T00:57:51Z,7.383333333333334,NA,FALSE,2.4873488825260477,Park (Badger <-> University),NB,Park Badger to Park University via Wisconsin Law Enforcement Officers Hwy and S Park St,2025-10-12 19:57:51
Park_Badger_inbound,Park_University_inbound,NA,4810,541,534,u}teGfwr`PEdJB`BQzn@eO@MJwN@MKmCK}A]eBs@s@_@M?sXqRgDsBeAg@u@YsBa@yDCcGC_EGmD?kACOIWIOQQYaGrEaEtCg@Rs@NcBBuE?{IFyDCkEAmBEYB[AmCT{DTuKCiIW}DImCYaC?,NA,Fish Hatchery Rd,2025-10-13T00:57:51Z,9.016666666666667,NA,FALSE,2.988795434661576,Park (Badger <-> University),NB,Park Badger to Park University via Fish Hatchery Rd,2025-10-12 19:57:51
Park_University_outbound,Park_Badger_outbound,NA,3987,462,483,}v{eGnat`PtC@bALzATd@BpB@fIRhIB`KY|DQ`HDbLA|DApA@bAEf@GdA_@TOnEkDzEsDhCsBlE}CfLcJfCcBvB_AdCy@hBa@jDg@xAEtKBfGAnE@hKKtOFxGA,NA,N Park St,2025-10-13T00:57:51Z,7.7,NA,FALSE,2.4774069434502506,Park (Badger <-> University),SB,Park University to Park Badger via N Park St,2025-10-12 19:57:51
Broom_JND,Broom_Gorham,NA,872,169,181,qyzeGv_q`P]l@?Hy@jAmB`DsOpTyIhMm@x@,NA,S Broom St,2025-10-13T00:57:51Z,2.816666666666667,NA,FALSE,0.5418356796309552,Broom (JND to University),NB,Broom JND to Broom Gorham via S Broom St,2025-10-12 19:57:51
Regent_Monroe,North_Shore_Bedford_EB,NA,2074,242,265,stzeGdmv`PGq@FuHZ{gAH_@?eGBsBX_BdAsFb@cBRoARg@`BeClImLj@}@T{@Hw@@iAEm@Mm@[{@UYo@i@,NA,Regent St,2025-10-13T00:57:51Z,4.033333333333333,NA,FALSE,1.2887238527002307,Regent (Monroe <-> Bedford),EB,Regent Monroe to North Shore Bedford EB via Regent St,2025-10-12 19:57:51
North_Shore_Bedford_WB,Regent_Monroe,NA,2205,265,281,eizeGlvq`PrD|Bz@f@XV`@j@Tt@Hh@@~@Ep@W~@i@|@wLzPMV]rBqB|JQ|ACnANdGB^]bkAElEG\NR,NA,US-151 S and Regent St,2025-10-13T00:57:51Z,4.416666666666667,NA,FALSE,1.3701234788833214,Regent (Monroe <-> Bedford),WB,North Shore Bedford WB to Regent Monroe via US-151 S and Regent St,2025-10-12 19:57:51
JND_Rimrock_inbound,Hairball_inbound,NA,3849,259,289,sqveG`|n`PwBnDgBvBiB`BgG~DgBv@gJ|CcBt@iAp@_BtAkG~GsBrBcInHkRfQuD~CqAr@qAd@uARuABaAIwKgBcAUwEaBkDcBcBgAg@_@MSmB_BcCmC}@oAk@aAwG{IoImL{CyEmA}AaDoDcCuC]SUG,NA,John Nolen Dr,2025-10-13T01:07:47Z,4.316666666666666,NA,FALSE,2.3916577189214983,John Nolen Dr (Rimrock <-> Hairball),NB,JND Rimrock to Hairball via John Nolen Dr,2025-10-12 20:07:47
Hairball_outbound,JND_Rimrock_outbound,NA,3905,284,312,gh|eGjeo`P^?\H\TdE`FdCbD`E`GnPnUlDrEfCbD~AnAtChBhCpAxChAlCr@dG~@bFh@fBAvASlAc@tAw@vIoHzMuLtCgCZ_@rEaExHiIhA_A|AaAh@WhGwBjBi@jBu@zA}@nGyE|AaBfAwA~@{AJA^ST@`@L,NA,John Nolen Dr,2025-10-13T01:07:47Z,4.733333333333333,NA,FALSE,2.426454505686789,John Nolen Dr (Rimrock <-> Hairball),SB,Hairball to JND Rimrock via John Nolen Dr,2025-10-12 20:07:47
Johnson_First_inbound,University_Bassett,NA,3483,372,403,yy_fGvql`PbDpFJRlD~FdCfEjEvGtD|Gv@rAn@hBJ`A@`CDf@Nn@L\h@hA~DvG`K`PjDzF|Sr\rFxIhBnCt[xg@jApBr@bAnHvL,NA,E Gorham St,2025-10-13T01:07:47Z,6.2,NA,FALSE,2.1642358625626343,Gorham (First to Bassett),SB,Johnson First to University Bassett via E Gorham St,2025-10-12 20:07:47
University_Bassett,University_Babcock,NA,1409,195,205,_w{eGxvr`PJZFp@ArHMbWCdHG|FGjRErT?hDMhFKb@,NA,University Ave,2025-10-13T01:07:47Z,3.25,NA,FALSE,0.8755120098624035,University (Bassett to Babcock),WB,University Bassett to University Babcock via University Ave,2025-10-12 20:07:47
Johnson_Orchard,Johnson_First_outbound,NA,4639,529,559,gp{eG`gu`PDkFFkRVch@@eIGe@Wy@eAsBoVm`@qBmD}BoDoAiBeNoTkAuBkf@sv@{Vca@{F}Is@kAkCeFqCeF_@m@s@sAc@s@,NA,W Johnson St,2025-10-13T01:07:47Z,8.816666666666666,NA,FALSE,2.882540960788992,Johnson (Orchard to First),NB,Johnson Orchard to Johnson First via W Johnson St,2025-10-12 20:07:47
E_Wash_Blair_outbound,E_Wash_E_Springs_outbound,NA,8528,781,872,{x|eGluo`PgUg^{LyRsVq`@s@qAiFcImIuMmGyJcFsH{LeQeM}QyFsIs@y@kCoBkAy@oBcBc@k@i@}@e@eAy@gCgHqUSi@gAoB{AoBkCqCwD_DuBiCuAoBy@yAuAwCuAaC[i@yAkBaGwIeGoJyFkIcG{KoEeIcEyHsBsD{AqCkHcMqBkDqHsMuJsOcWgb@o@aAmEsH_FwH{BwDsJmONW,NA,US-151 N/E Washington Ave,2025-10-13T01:07:48Z,13.016666666666667,NA,FALSE,5.299053527399984,E Wash (Blair <-> E Springs),NB,E Wash Blair to E Wash E Springs via US-151 N/E Washington Ave,2025-10-12 20:07:48
E_Wash_Blair_outbound,E_Wash_E_Springs_outbound,NA,9039,904,955,{x|eGluo`PoEaHwLbQmb@iq@uJqOgG{J{F}Is@kAkCeFqCeF_@m@s@sAyD{F}@eASQuAg@Wg@Kg@}AcCm@w@GAoKqOeG{IuImM_DoE{A}BSw@K{@RqZNe@~@q@{EuO{@aBu@eAy@cAkCqCwD_DuBiCuAoBy@yAuAwCuAaC[i@yAkBaGwIeGoJyFkIcG{KoEeIcEyHsBsD{AqCkHcMqBkDqHsMuJsOcWgb@o@aAmEsH_FwH{BwDsJmONW,NA,E Johnson St and US-151 N/E Washington Ave,2025-10-13T01:07:48Z,15.066666666666666,NA,FALSE,5.616574206633262,E Wash (Blair <-> E Springs),NB,E Wash Blair to E Wash E Springs via E Johnson St and US-151 N/E Washington Ave,2025-10-12 20:07:48
E_Wash_Blair_outbound,E_Wash_E_Springs_outbound,NA,11141,883,930,{x|eGluo`PgUg^{LyRsVq`@s@qAiFcImIuMmGyJcFsH{LeQeM}QyFsIs@y@kCoBkAy@oBcBc@k@i@}@e@eAy@gCgHqUSi@gAoB{AoBkCqCIWw@eA_BcBIQEk@Ho@?g@SkA[gBMcB?wDE]Rie@p@_mCFuFJSh@aNTwB`@sBTu@~@kCLm@FoAL]HI@i@GSOESD{@b@cATw@QUOGMSISDMPoABgBEGDw@Wc@Yg@o@[u@q@aCeDwKo@qAq@m@{@_@q@GkRW_AGkFOw@Ds@PWJoAz@{CtDi@`@eAb@w@J{FEw@Ja@JaAh@u@XsA|@uAlA]BSEUIU@QPGPwEhDq@RmABo@AOFiCIWI}BCs@FcA`@gAn@u@~@sAtBaN`TwAvBUDUT[IsIaNNW,NA,US-151 N/E Washington Ave and WI-30 E,2025-10-13T01:07:48Z,14.716666666666667,NA,FALSE,6.922696452716138,E Wash (Blair <-> E Springs),NB,E Wash Blair to E Wash E Springs via US-151 N/E Washington Ave and WI-30 E,2025-10-12 20:07:48
Williamson_Wilson_outbound,Williamson_Thornton_outbound,NA,1851,205,240,{i|eGr}n`PQaAWs@cDsFk@y@E?{Ra[sHoL}D{GcM}Rs@iAoB}BiI_J,NA,Williamson St,2025-10-13T01:07:48Z,3.4166666666666665,NA,FALSE,1.150158076831305,Williamson (Wilson <-> Thornton),NB,Williamson Wilson to Williamson Thornton via Williamson St,2025-10-12 20:07:48
Williamson_Thornton_inbound,Williamson_Wilson_inbound,NA,1755,207,217,{r~eGzxk`PrKnLd@l@jJ~N~DrG~D|GvWxa@`BlCt@tAp@`Bh@z@,NA,Williamson St,2025-10-13T01:07:48Z,3.45,NA,FALSE,1.0905064423765212,Williamson (Wilson <-> Thornton),SB,Williamson Thornton to Williamson Wilson via Williamson St,2025-10-12 20:07:48
Park_Badger_inbound,Park_University_inbound,NA,4003,439,469,u}teGfwr`P}K?cQAcEBuCD_KAeIIqB@sCXyCh@sA^eC~@aCtAiMrJ{IzGmHvFaEtCg@Rs@NcBBuE?{IFyDCkEAmBEYB[AmCT{DTuKCiIW}DImCYaC?,NA,Wisconsin Law Enforcement Officers Hwy and S Park St,2025-10-13T01:07:48Z,7.316666666666666,NA,FALSE,2.4873488825260477,Park (Badger <-> University),NB,Park Badger to Park University via Wisconsin Law Enforcement Officers Hwy and S Park St,2025-10-12 20:07:48
Park_Badger_inbound,Park_University_inbound,NA,4810,531,534,u}teGfwr`PEdJB`BQzn@eO@MJwN@MKmCK}A]eBs@s@_@M?sXqRgDsBeAg@u@YsBa@yDCcGC_EGmD?kACOIWIOQQYaGrEaEtCg@Rs@NcBBuE?{IFyDCkEAmBEYB[AmCT{DTuKCiIW}DImCYaC?,NA,Fish Hatchery Rd,2025-10-13T01:07:48Z,8.85,NA,FALSE,2.988795434661576,Park (Badger <-> University),NB,Park Badger to Park University via Fish Hatchery Rd,2025-10-12 20:07:48
Park_University_outbound,Park_Badger_outbound,NA,3987,457,483,}v{eGnat`PtC@bALzATd@BpB@fIRhIB`KY|DQ`HDbLA|DApA@bAEf@GdA_@TOnEkDzEsDhCsBlE}CfLcJfCcBvB_AdCy@hBa@jDg@xAEtKBfGAnE@hKKtOFxGA,NA,N Park St,2025-10-13T01:07:48Z,7.616666666666666,NA,FALSE,2.4774069434502506,Park (Badger <-> University),SB,Park University to Park Badger via N Park St,2025-10-12 20:07:48
Broom_JND,Broom_Gorham,NA,872,191,181,qyzeGv_q`P]l@?Hy@jAmB`DsOpTyIhMm@x@,NA,S Broom St,2025-10-13T01:07:49Z,3.183333333333333,NA,FALSE,0.5418356796309552,Broom (JND to University),NB,Broom JND to Broom Gorham via S Broom St,2025-10-12 20:07:49
Regent_Monroe,North_Shore_Bedford_EB,NA,2074,230,265,stzeGdmv`PGq@FuHZ{gAH_@?eGBsBX_BdAsFb@cBRoARg@`BeClImLj@}@T{@Hw@@iAEm@Mm@[{@UYo@i@,NA,Regent St,2025-10-13T01:07:49Z,3.8333333333333335,NA,FALSE,1.2887238527002307,Regent (Monroe <-> Bedford),EB,Regent Monroe to North Shore Bedford EB via Regent St,2025-10-12 20:07:49
North_Shore_Bedford_WB,Regent_Monroe,NA,2205,268,281,eizeGlvq`PrD|Bz@f@XV`@j@Tt@Hh@@~@Ep@W~@i@|@wLzPMV]rBqB|JQ|ACnANdGB^]bkAElEG\NR,NA,US-151 S and Regent St,2025-10-13T01:07:49Z,4.466666666666667,NA,FALSE,1.3701234788833214,Regent (Monroe <-> Bedford),WB,North Shore Bedford WB to Regent Monroe via US-151 S and Regent St,2025-10-12 20:07:49
JND_Rimrock_inbound,Hairball_inbound,NA,3849,250,289,sqveG`|n`PwBnDgBvBiB`BgG~DgBv@gJ|CcBt@iAp@_BtAkG~GsBrBcInHkRfQuD~CqAr@qAd@uARuABaAIwKgBcAUwEaBkDcBcBgAg@_@MSmB_BcCmC}@oAk@aAwG{IoImL{CyEmA}AaDoDcCuC]SUG,NA,John Nolen Dr,2025-10-13T02:25:21Z,4.166666666666667,NA,FALSE,2.3916577189214983,John Nolen Dr (Rimrock <-> Hairball),NB,JND Rimrock to Hairball via John Nolen Dr,2025-10-12 21:25:21
Hairball_outbound,JND_Rimrock_outbound,NA,3905,282,312,gh|eGjeo`P^?\H\TdE`FdCbD`E`GnPnUlDrEfCbD~AnAtChBhCpAxChAlCr@dG~@bFh@fBAvASlAc@tAw@vIoHzMuLtCgCZ_@rEaExHiIhA_A|AaAh@WhGwBjBi@jBu@zA}@nGyE|AaBfAwA~@{AJA^ST@`@L,NA,John Nolen Dr,2025-10-13T02:25:21Z,4.7,NA,FALSE,2.426454505686789,John Nolen Dr (Rimrock <-> Hairball),SB,Hairball to JND Rimrock via John Nolen Dr,2025-10-12 21:25:21
Johnson_First_inbound,University_Bassett,NA,3483,354,403,yy_fGvql`PbDpFJRlD~FdCfEjEvGtD|Gv@rAn@hBJ`A@`CDf@Nn@L\h@hA~DvG`K`PjDzF|Sr\rFxIhBnCt[xg@jApBr@bAnHvL,NA,E Gorham St,2025-10-13T02:25:21Z,5.9,NA,FALSE,2.1642358625626343,Gorham (First to Bassett),SB,Johnson First to University Bassett via E Gorham St,2025-10-12 21:25:21
University_Bassett,University_Babcock,NA,1409,179,205,_w{eGxvr`PJZFp@ArHMbWCdHG|FGjRErT?hDMhFKb@,NA,University Ave,2025-10-13T02:25:21Z,2.9833333333333334,NA,FALSE,0.8755120098624035,University (Bassett to Babcock),WB,University Bassett to University Babcock via University Ave,2025-10-12 21:25:21
Johnson_Orchard,Johnson_First_outbound,NA,4639,500,559,gp{eG`gu`PDkFFkRVch@@eIGe@Wy@eAsBoVm`@qBmD}BoDoAiBeNoTkAuBkf@sv@{Vca@{F}Is@kAkCeFqCeF_@m@s@sAc@s@,NA,W Johnson St,2025-10-13T02:25:22Z,8.333333333333334,NA,FALSE,2.882540960788992,Johnson (Orchard to First),NB,Johnson Orchard to Johnson First via W Johnson St,2025-10-12 21:25:22
E_Wash_Blair_outbound,E_Wash_E_Springs_outbound,NA,8528,750,872,{x|eGluo`PgUg^{LyRsVq`@s@qAiFcImIuMmGyJcFsH{LeQeM}QyFsIs@y@kCoBkAy@oBcBc@k@i@}@e@eAy@gCgHqUSi@gAoB{AoBkCqCwD_DuBiCuAoBy@yAuAwCuAaC[i@yAkBaGwIeGoJyFkIcG{KoEeIcEyHsBsD{AqCkHcMqBkDqHsMuJsOcWgb@o@aAmEsH_FwH{BwDsJmONW,NA,US-151 N/E Washington Ave,2025-10-13T02:25:22Z,12.5,NA,FALSE,5.299053527399984,E Wash (Blair <-> E Springs),NB,E Wash Blair to E Wash E Springs via US-151 N/E Washington Ave,2025-10-12 21:25:22
E_Wash_Blair_outbound,E_Wash_E_Springs_outbound,NA,9039,884,955,{x|eGluo`PoEaHwLbQmb@iq@uJqOgG{J{F}Is@kAkCeFqCeF_@m@s@sAyD{F}@eASQuAg@Wg@Kg@}AcCm@w@GAoKqOeG{IuImM_DoE{A}BSw@K{@RqZNe@~@q@{EuO{@aBu@eAy@cAkCqCwD_DuBiCuAoBy@yAuAwCuAaC[i@yAkBaGwIeGoJyFkIcG{KoEeIcEyHsBsD{AqCkHcMqBkDqHsMuJsOcWgb@o@aAmEsH_FwH{BwDsJmONW,NA,E Johnson St and US-151 N/E Washington Ave,2025-10-13T02:25:22Z,14.733333333333333,NA,FALSE,5.616574206633262,E Wash (Blair <-> E Springs),NB,E Wash Blair to E Wash E Springs via E Johnson St and US-151 N/E Washington Ave,2025-10-12 21:25:22
E_Wash_Blair_outbound,E_Wash_E_Springs_outbound,NA,11141,850,930,{x|eGluo`PgUg^{LyRsVq`@s@qAiFcImIuMmGyJcFsH{LeQeM}QyFsIs@y@kCoBkAy@oBcBc@k@i@}@e@eAy@gCgHqUSi@gAoB{AoBkCqCIWw@eA_BcBIQEk@Ho@?g@SkA[gBMcB?wDE]Rie@p@_mCFuFJSh@aNTwB`@sBTu@~@kCLm@FoAL]HI@i@GSOESD{@b@cATw@QUOGMSISDMPoABgBEGDw@Wc@Yg@o@[u@q@aCeDwKo@qAq@m@{@_@q@GkRW_AGkFOw@Ds@PWJoAz@{CtDi@`@eAb@w@J{FEw@Ja@JaAh@u@XsA|@uAlA]BSEUIU@QPGPwEhDq@RmABo@AOFiCIWI}BCs@FcA`@gAn@u@~@sAtBaN`TwAvBUDUT[IsIaNNW,NA,US-151 N/E Washington Ave and WI-30 E,2025-10-13T02:25:22Z,14.166666666666666,NA,FALSE,6.922696452716138,E Wash (Blair <-> E Springs),NB,E Wash Blair to E Wash E Springs via US-151 N/E Washington Ave and WI-30 E,2025-10-12 21:25:22
Williamson_Wilson_outbound,Williamson_Thornton_outbound,NA,1851,197,240,{i|eGr}n`PQaAWs@cDsFk@y@E?{Ra[sHoL}D{GcM}Rs@iAoB}BiI_J,NA,Williamson St,2025-10-13T02:25:22Z,3.283333333333333,NA,FALSE,1.150158076831305,Williamson (Wilson <-> Thornton),NB,Williamson Wilson to Williamson Thornton via Williamson St,2025-10-12 21:25:22
Williamson_Thornton_inbound,Williamson_Wilson_inbound,NA,1755,184,217,{r~eGzxk`PrKnLd@l@jJ~N~DrG~D|GvWxa@`BlCt@tAp@`Bh@z@,NA,Williamson St,2025-10-13T02:25:23Z,3.066666666666667,NA,FALSE,1.0905064423765212,Williamson (Wilson <-> Thornton),SB,Williamson Thornton to Williamson Wilson via Williamson St,2025-10-12 21:25:23
Park_Badger_inbound,Park_University_inbound,NA,4003,408,469,u}teGfwr`P}K?cQAcEBuCD_KAeIIqB@sCXyCh@sA^eC~@aCtAiMrJ{IzGmHvFaEtCg@Rs@NcBBuE?{IFyDCkEAmBEYB[AmCT{DTuKCiIW}DImCYaC?,NA,Wisconsin Law Enforcement Officers Hwy and S Park St,2025-10-13T02:25:23Z,6.8,NA,FALSE,2.4873488825260477,Park (Badger <-> University),NB,Park Badger to Park University via Wisconsin Law Enforcement Officers Hwy and S Park St,2025-10-12 21:25:23
Park_Badger_inbound,Park_University_inbound,NA,4810,491,534,u}teGfwr`PEdJB`BQzn@eO@MJwN@MKmCK}A]eBs@s@_@M?sXqRgDsBeAg@u@YsBa@yDCcGC_EGmD?kACOIWIOQQYaGrEaEtCg@Rs@NcBBuE?{IFyDCkEAmBEYB[AmCT{DTuKCiIW}DImCYaC?,NA,Fish Hatchery Rd,2025-10-13T02:25:23Z,8.183333333333334,NA,FALSE,2.988795434661576,Park (Badger <-> University),NB,Park Badger to Park University via Fish Hatchery Rd,2025-10-12 21:25:23
Park_University_outbound,Park_Badger_outbound,NA,3987,438,483,}v{eGnat`PtC@bALzATd@BpB@fIRhIB`KY|DQ`HDbLA|DApA@bAEf@GdA_@TOnEkDzEsDhCsBlE}CfLcJfCcBvB_AdCy@hBa@jDg@xAEtKBfGAnE@hKKtOFxGA,NA,N Park St,2025-10-13T02:25:23Z,7.3,NA,FALSE,2.4774069434502506,Park (Badger <-> University),SB,Park University to Park Badger via N Park St,2025-10-12 21:25:23
Broom_JND,Broom_Gorham,NA,872,146,181,qyzeGv_q`P]l@?Hy@jAmB`DsOpTyIhMm@x@,NA,S Broom St,2025-10-13T02:25:23Z,2.433333333333333,NA,FALSE,0.5418356796309552,Broom (JND to University),NB,Broom JND to Broom Gorham via S Broom St,2025-10-12 21:25:23
Regent_Monroe,North_Shore_Bedford_EB,NA,2074,228,265,stzeGdmv`PGq@FuHZ{gAH_@?eGBsBX_BdAsFb@cBRoARg@`BeClImLj@}@T{@Hw@@iAEm@Mm@[{@UYo@i@,NA,Regent St,2025-10-13T02:25:23Z,3.8,NA,FALSE,1.2887238527002307,Regent (Monroe <-> Bedford),EB,Regent Monroe to North Shore Bedford EB via Regent St,2025-10-12 21:25:23
North_Shore_Bedford_WB,Regent_Monroe,NA,2205,249,281,eizeGlvq`PrD|Bz@f@XV`@j@Tt@Hh@@~@Ep@W~@i@|@wLzPMV]rBqB|JQ|ACnANdGB^]bkAElEG\NR,NA,US-151 S and Regent St,2025-10-13T02:25:24Z,4.15,NA,FALSE,1.3701234788833214,Regent (Monroe <-> Bedford),WB,North Shore Bedford WB to Regent Monroe via US-151 S and Regent St,2025-10-12 21:25:24
JND_Rimrock_inbound,Hairball_inbound,NA,3849,256,289,sqveG`|n`PwBnDgBvBiB`BgG~DgBv@gJ|CcBt@iAp@_BtAkG~GsBrBcInHkRfQuD~CqAr@qAd@uARuABaAIwKgBcAUwEaBkDcBcBgAg@_@MSmB_BcCmC}@oAk@aAwG{IoImL{CyEmA}AaDoDcCuC]SUG,NA,John Nolen Dr,2025-10-13T03:05:36Z,4.266666666666667,NA,FALSE,2.3916577189214983,John Nolen Dr (Rimrock <-> Hairball),NB,JND Rimrock to Hairball via John Nolen Dr,2025-10-12 22:05:36
Hairball_outbound,JND_Rimrock_outbound,NA,3905,289,312,gh|eGjeo`P^?\H\TdE`FdCbD`E`GnPnUlDrEfCbD~AnAtChBhCpAxChAlCr@dG~@bFh@fBAvASlAc@tAw@vIoHzMuLtCgCZ_@rEaExHiIhA_A|AaAh@WhGwBjBi@jBu@zA}@nGyE|AaBfAwA~@{AJA^ST@`@L,NA,John Nolen Dr,2025-10-13T03:05:36Z,4.816666666666666,NA,FALSE,2.426454505686789,John Nolen Dr (Rimrock <-> Hairball),SB,Hairball to JND Rimrock via John Nolen Dr,2025-10-12 22:05:36
Johnson_First_inbound,University_Bassett,NA,3483,346,403,yy_fGvql`PbDpFJRlD~FdCfEjEvGtD|Gv@rAn@hBJ`A@`CDf@Nn@L\h@hA~DvG`K`PjDzF|Sr\rFxIhBnCt[xg@jApBr@bAnHvL,NA,E Gorham St,2025-10-13T03:05:36Z,5.766666666666667,NA,FALSE,2.1642358625626343,Gorham (First to Bassett),SB,Johnson First to University Bassett via E Gorham St,2025-10-12 22:05:36
University_Bassett,University_Babcock,NA,1409,182,205,_w{eGxvr`PJZFp@ArHMbWCdHG|FGjRErT?hDMhFKb@,NA,University Ave,2025-10-13T03:05:36Z,3.033333333333333,NA,FALSE,0.8755120098624035,University (Bassett to Babcock),WB,University Bassett to University Babcock via University Ave,2025-10-12 22:05:36
Johnson_Orchard,Johnson_First_outbound,NA,4639,463,559,gp{eG`gu`PDkFFkRVch@@eIGe@Wy@eAsBoVm`@qBmD}BoDoAiBeNoTkAuBkf@sv@{Vca@{F}Is@kAkCeFqCeF_@m@s@sAc@s@,NA,W Johnson St,2025-10-13T03:05:37Z,7.716666666666667,NA,FALSE,2.882540960788992,Johnson (Orchard to First),NB,Johnson Orchard to Johnson First via W Johnson St,2025-10-12 22:05:37
E_Wash_Blair_outbound,E_Wash_E_Springs_outbound,NA,8528,724,872,{x|eGluo`PgUg^{LyRsVq`@s@qAiFcImIuMmGyJcFsH{LeQeM}QyFsIs@y@kCoBkAy@oBcBc@k@i@}@e@eAy@gCgHqUSi@gAoB{AoBkCqCwD_DuBiCuAoBy@yAuAwCuAaC[i@yAkBaGwIeGoJyFkIcG{KoEeIcEyHsBsD{AqCkHcMqBkDqHsMuJsOcWgb@o@aAmEsH_FwH{BwDsJmONW,NA,US-151 N/E Washington Ave,2025-10-13T03:05:37Z,12.066666666666666,NA,FALSE,5.299053527399984,E Wash (Blair <-> E Springs),NB,E Wash Blair to E Wash E Springs via US-151 N/E Washington Ave,2025-10-12 22:05:37
E_Wash_Blair_outbound,E_Wash_E_Springs_outbound,NA,9039,851,955,{x|eGluo`PoEaHwLbQmb@iq@uJqOgG{J{F}Is@kAkCeFqCeF_@m@s@sAyD{F}@eASQuAg@Wg@Kg@}AcCm@w@GAoKqOeG{IuImM_DoE{A}BSw@K{@RqZNe@~@q@{EuO{@aBu@eAy@cAkCqCwD_DuBiCuAoBy@yAuAwCuAaC[i@yAkBaGwIeGoJyFkIcG{KoEeIcEyHsBsD{AqCkHcMqBkDqHsMuJsOcWgb@o@aAmEsH_FwH{BwDsJmONW,NA,E Johnson St and US-151 N/E Washington Ave,2025-10-13T03:05:37Z,14.183333333333334,NA,FALSE,5.616574206633262,E Wash (Blair <-> E Springs),NB,E Wash Blair to E Wash E Springs via E Johnson St and US-151 N/E Washington Ave,2025-10-12 22:05:37
E_Wash_Blair_outbound,E_Wash_E_Springs_outbound,NA,11141,845,930,{x|eGluo`PgUg^{LyRsVq`@s@qAiFcImIuMmGyJcFsH{LeQeM}QyFsIs@y@kCoBkAy@oBcBc@k@i@}@e@eAy@gCgHqUSi@gAoB{AoBkCqCIWw@eA_BcBIQEk@Ho@?g@SkA[gBMcB?wDE]Rie@p@_mCFuFJSh@aNTwB`@sBTu@~@kCLm@FoAL]HI@i@GSOESD{@b@cATw@QUOGMSISDMPoABgBEGDw@Wc@Yg@o@[u@q@aCeDwKo@qAq@m@{@_@q@GkRW_AGkFOw@Ds@PWJoAz@{CtDi@`@eAb@w@J{FEw@Ja@JaAh@u@XsA|@uAlA]BSEUIU@QPGPwEhDq@RmABo@AOFiCIWI}BCs@FcA`@gAn@u@~@sAtBaN`TwAvBUDUT[IsIaNNW,NA,US-151 N/E Washington Ave and WI-30 E,2025-10-13T03:05:37Z,14.083333333333334,NA,FALSE,6.922696452716138,E Wash (Blair <-> E Springs),NB,E Wash Blair to E Wash E Springs via US-151 N/E Washington Ave and WI-30 E,2025-10-12 22:05:37
Williamson_Wilson_outbound,Williamson_Thornton_outbound,NA,1851,205,240,{i|eGr}n`PQaAWs@cDsFk@y@E?{Ra[sHoL}D{GcM}Rs@iAoB}BiI_J,NA,Williamson St,2025-10-13T03:05:37Z,3.4166666666666665,NA,FALSE,1.150158076831305,Williamson (Wilson <-> Thornton),NB,Williamson Wilson to Williamson Thornton via Williamson St,2025-10-12 22:05:37
Williamson_Thornton_inbound,Williamson_Wilson_inbound,NA,1755,180,217,{r~eGzxk`PrKnLd@l@jJ~N~DrG~D|GvWxa@`BlCt@tAp@`Bh@z@,NA,Williamson St,2025-10-13T03:05:37Z,3,NA,FALSE,1.0905064423765212,Williamson (Wilson <-> Thornton),SB,Williamson Thornton to Williamson Wilson via Williamson St,2025-10-12 22:05:37
Park_Badger_inbound,Park_University_inbound,NA,4003,418,469,u}teGfwr`P}K?cQAcEBuCD_KAeIIqB@sCXyCh@sA^eC~@aCtAiMrJ{IzGmHvFaEtCg@Rs@NcBBuE?{IFyDCkEAmBEYB[AmCT{DTuKCiIW}DImCYaC?,NA,Wisconsin Law Enforcement Officers Hwy and S Park St,2025-10-13T03:05:38Z,6.966666666666667,NA,FALSE,2.4873488825260477,Park (Badger <-> University),NB,Park Badger to Park University via Wisconsin Law Enforcement Officers Hwy and S Park St,2025-10-12 22:05:38
Park_Badger_inbound,Park_University_inbound,NA,4810,501,534,u}teGfwr`PEdJB`BQzn@eO@MJwN@MKmCK}A]eBs@s@_@M?sXqRgDsBeAg@u@YsBa@yDCcGC_EGmD?kACOIWIOQQYaGrEaEtCg@Rs@NcBBuE?{IFyDCkEAmBEYB[AmCT{DTuKCiIW}DImCYaC?,NA,Fish Hatchery Rd,2025-10-13T03:05:38Z,8.35,NA,FALSE,2.988795434661576,Park (Badger <-> University),NB,Park Badger to Park University via Fish Hatchery Rd,2025-10-12 22:05:38
Park_University_outbound,Park_Badger_outbound,NA,3987,430,483,}v{eGnat`PtC@bALzATd@BpB@fIRhIB`KY|DQ`HDbLA|DApA@bAEf@GdA_@TOnEkDzEsDhCsBlE}CfLcJfCcBvB_AdCy@hBa@jDg@xAEtKBfGAnE@hKKtOFxGA,NA,N Park St,2025-10-13T03:05:38Z,7.166666666666667,NA,FALSE,2.4774069434502506,Park (Badger <-> University),SB,Park University to Park Badger via N Park St,2025-10-12 22:05:38
Broom_JND,Broom_Gorham,NA,872,144,181,qyzeGv_q`P]l@?Hy@jAmB`DsOpTyIhMm@x@,NA,S Broom St,2025-10-13T03:05:38Z,2.4,NA,FALSE,0.5418356796309552,Broom (JND to University),NB,Broom JND to Broom Gorham via S Broom St,2025-10-12 22:05:38
Regent_Monroe,North_Shore_Bedford_EB,NA,2074,230,265,stzeGdmv`PGq@FuHZ{gAH_@?eGBsBX_BdAsFb@cBRoARg@`BeClImLj@}@T{@Hw@@iAEm@Mm@[{@UYo@i@,NA,Regent St,2025-10-13T03:05:38Z,3.8333333333333335,NA,FALSE,1.2887238527002307,Regent (Monroe <-> Bedford),EB,Regent Monroe to North Shore Bedford EB via Regent St,2025-10-12 22:05:38
North_Shore_Bedford_WB,Regent_Monroe,NA,2205,257,281,eizeGlvq`PrD|Bz@f@XV`@j@Tt@Hh@@~@Ep@W~@i@|@wLzPMV]rBqB|JQ|ACnANdGB^]bkAElEG\NR,NA,US-151 S and Regent St,2025-10-13T03:05:38Z,4.283333333333333,NA,FALSE,1.3701234788833214,Regent (Monroe <-> Bedford),WB,North Shore Bedford WB to Regent Monroe via US-151 S and Regent St,2025-10-12 22:05:38
JND_Rimrock_inbound,Hairball_inbound,NA,3849,246,289,sqveG`|n`PwBnDgBvBiB`BgG~DgBv@gJ|CcBt@iAp@_BtAkG~GsBrBcInHkRfQuD~CqAr@qAd@uARuABaAIwKgBcAUwEaBkDcBcBgAg@_@MSmB_BcCmC}@oAk@aAwG{IoImL{CyEmA}AaDoDcCuC]SUG,NA,John Nolen Dr,2025-10-13T04:14:59Z,4.1,NA,FALSE,2.3916577189214983,John Nolen Dr (Rimrock <-> Hairball),NB,JND Rimrock to Hairball via John Nolen Dr,2025-10-12 23:14:59
Hairball_outbound,JND_Rimrock_outbound,NA,3905,264,312,gh|eGjeo`P^?\H\TdE`FdCbD`E`GnPnUlDrEfCbD~AnAtChBhCpAxChAlCr@dG~@bFh@fBAvASlAc@tAw@vIoHzMuLtCgCZ_@rEaExHiIhA_A|AaAh@WhGwBjBi@jBu@zA}@nGyE|AaBfAwA~@{AJA^ST@`@L,NA,John Nolen Dr,2025-10-13T04:15:00Z,4.4,NA,FALSE,2.426454505686789,John Nolen Dr (Rimrock <-> Hairball),SB,Hairball to JND Rimrock via John Nolen Dr,2025-10-12 23:15:00
Johnson_First_inbound,University_Bassett,NA,3483,322,403,yy_fGvql`PbDpFJRlD~FdCfEjEvGtD|Gv@rAn@hBJ`A@`CDf@Nn@L\h@hA~DvG`K`PjDzF|Sr\rFxIhBnCt[xg@jApBr@bAnHvL,NA,E Gorham St,2025-10-13T04:15:00Z,5.366666666666666,NA,FALSE,2.1642358625626343,Gorham (First to Bassett),SB,Johnson First to University Bassett via E Gorham St,2025-10-12 23:15:00
University_Bassett,University_Babcock,NA,1409,167,205,_w{eGxvr`PJZFp@ArHMbWCdHG|FGjRErT?hDMhFKb@,NA,University Ave,2025-10-13T04:15:00Z,2.783333333333333,NA,FALSE,0.8755120098624035,University (Bassett to Babcock),WB,University Bassett to University Babcock via University Ave,2025-10-12 23:15:00
Johnson_Orchard,Johnson_First_outbound,NA,4639,435,559,gp{eG`gu`PDkFFkRVch@@eIGe@Wy@eAsBoVm`@qBmD}BoDoAiBeNoTkAuBkf@sv@{Vca@{F}Is@kAkCeFqCeF_@m@s@sAc@s@,NA,W Johnson St,2025-10-13T04:15:00Z,7.25,NA,FALSE,2.882540960788992,Johnson (Orchard to First),NB,Johnson Orchard to Johnson First via W Johnson St,2025-10-12 23:15:00
E_Wash_Blair_outbound,E_Wash_E_Springs_outbound,NA,8528,688,872,{x|eGluo`PgUg^{LyRsVq`@s@qAiFcImIuMmGyJcFsH{LeQeM}QyFsIs@y@kCoBkAy@oBcBc@k@i@}@e@eAy@gCgHqUSi@gAoB{AoBkCqCwD_DuBiCuAoBy@yAuAwCuAaC[i@yAkBaGwIeGoJyFkIcG{KoEeIcEyHsBsD{AqCkHcMqBkDqHsMuJsOcWgb@o@aAmEsH_FwH{BwDsJmONW,NA,US-151 N/E Washington Ave,2025-10-13T04:15:01Z,11.466666666666667,NA,FALSE,5.299053527399984,E Wash (Blair <-> E Springs),NB,E Wash Blair to E Wash E Springs via US-151 N/E Washington Ave,2025-10-12 23:15:01
E_Wash_Blair_outbound,E_Wash_E_Springs_outbound,NA,9039,806,955,{x|eGluo`PoEaHwLbQmb@iq@uJqOgG{J{F}Is@kAkCeFqCeF_@m@s@sAyD{F}@eASQuAg@Wg@Kg@}AcCm@w@GAoKqOeG{IuImM_DoE{A}BSw@K{@RqZNe@~@q@{EuO{@aBu@eAy@cAkCqCwD_DuBiCuAoBy@yAuAwCuAaC[i@yAkBaGwIeGoJyFkIcG{KoEeIcEyHsBsD{AqCkHcMqBkDqHsMuJsOcWgb@o@aAmEsH_FwH{BwDsJmONW,NA,E Johnson St and US-151 N/E Washington Ave,2025-10-13T04:15:01Z,13.433333333333334,NA,FALSE,5.616574206633262,E Wash (Blair <-> E Springs),NB,E Wash Blair to E Wash E Springs via E Johnson St and US-151 N/E Washington Ave,2025-10-12 23:15:01
E_Wash_Blair_outbound,E_Wash_E_Springs_outbound,NA,11141,819,930,{x|eGluo`PgUg^{LyRsVq`@s@qAiFcImIuMmGyJcFsH{LeQeM}QyFsIs@y@kCoBkAy@oBcBc@k@i@}@e@eAy@gCgHqUSi@gAoB{AoBkCqCIWw@eA_BcBIQEk@Ho@?g@SkA[gBMcB?wDE]Rie@p@_mCFuFJSh@aNTwB`@sBTu@~@kCLm@FoAL]HI@i@GSOESD{@b@cATw@QUOGMSISDMPoABgBEGDw@Wc@Yg@o@[u@q@aCeDwKo@qAq@m@{@_@q@GkRW_AGkFOw@Ds@PWJoAz@{CtDi@`@eAb@w@J{FEw@Ja@JaAh@u@XsA|@uAlA]BSEUIU@QPGPwEhDq@RmABo@AOFiCIWI}BCs@FcA`@gAn@u@~@sAtBaN`TwAvBUDUT[IsIaNNW,NA,US-151 N/E Washington Ave and WI-30 E,2025-10-13T04:15:01Z,13.65,NA,FALSE,6.922696452716138,E Wash (Blair <-> E Springs),NB,E Wash Blair to E Wash E Springs via US-151 N/E Washington Ave and WI-30 E,2025-10-12 23:15:01
Williamson_Wilson_outbound,Williamson_Thornton_outbound,NA,1851,180,240,{i|eGr}n`PQaAWs@cDsFk@y@E?{Ra[sHoL}D{GcM}Rs@iAoB}BiI_J,NA,Williamson St,2025-10-13T04:15:01Z,3,NA,FALSE,1.150158076831305,Williamson (Wilson <-> Thornton),NB,Williamson Wilson to Williamson Thornton via Williamson St,2025-10-12 23:15:01
Williamson_Thornton_inbound,Williamson_Wilson_inbound,NA,1755,169,217,{r~eGzxk`PrKnLd@l@jJ~N~DrG~D|GvWxa@`BlCt@tAp@`Bh@z@,NA,Williamson St,2025-10-13T04:15:02Z,2.816666666666667,NA,FALSE,1.0905064423765212,Williamson (Wilson <-> Thornton),SB,Williamson Thornton to Williamson Wilson via Williamson St,2025-10-12 23:15:02
Park_Badger_inbound,Park_University_inbound,NA,4003,407,469,u}teGfwr`P}K?cQAcEBuCD_KAeIIqB@sCXyCh@sA^eC~@aCtAiMrJ{IzGmHvFaEtCg@Rs@NcBBuE?{IFyDCkEAmBEYB[AmCT{DTuKCiIW}DImCYaC?,NA,Wisconsin Law Enforcement Officers Hwy and S Park St,2025-10-13T04:15:02Z,6.783333333333333,NA,FALSE,2.4873488825260477,Park (Badger <-> University),NB,Park Badger to Park University via Wisconsin Law Enforcement Officers Hwy and S Park St,2025-10-12 23:15:02
Park_Badger_inbound,Park_University_inbound,NA,4810,499,534,u}teGfwr`PEdJB`BQzn@eO@MJwN@MKmCK}A]eBs@s@_@M?sXqRgDsBeAg@u@YsBa@yDCcGC_EGmD?kACOIWIOQQYaGrEaEtCg@Rs@NcBBuE?{IFyDCkEAmBEYB[AmCT{DTuKCiIW}DImCYaC?,NA,Fish Hatchery Rd,2025-10-13T04:15:02Z,8.316666666666666,NA,FALSE,2.988795434661576,Park (Badger <-> University),NB,Park Badger to Park University via Fish Hatchery Rd,2025-10-12 23:15:02
Park_University_outbound,Park_Badger_outbound,NA,3987,397,483,}v{eGnat`PtC@bALzATd@BpB@fIRhIB`KY|DQ`HDbLA|DApA@bAEf@GdA_@TOnEkDzEsDhCsBlE}CfLcJfCcBvB_AdCy@hBa@jDg@xAEtKBfGAnE@hKKtOFxGA,NA,N Park St,2025-10-13T04:15:02Z,6.616666666666666,NA,FALSE,2.4774069434502506,Park (Badger <-> University),SB,Park University to Park Badger via N Park St,2025-10-12 23:15:02
Broom_JND,Broom_Gorham,NA,872,139,181,qyzeGv_q`P]l@?Hy@jAmB`DsOpTyIhMm@x@,NA,S Broom St,2025-10-13T04:15:02Z,2.316666666666667,NA,FALSE,0.5418356796309552,Broom (JND to University),NB,Broom JND to Broom Gorham via S Broom St,2025-10-12 23:15:02
Regent_Monroe,North_Shore_Bedford_EB,NA,2074,212,265,stzeGdmv`PGq@FuHZ{gAH_@?eGBsBX_BdAsFb@cBRoARg@`BeClImLj@}@T{@Hw@@iAEm@Mm@[{@UYo@i@,NA,Regent St,2025-10-13T04:15:03Z,3.533333333333333,NA,FALSE,1.2887238527002307,Regent (Monroe <-> Bedford),EB,Regent Monroe to North Shore Bedford EB via Regent St,2025-10-12 23:15:03
North_Shore_Bedford_WB,Regent_Monroe,NA,2205,255,281,eizeGlvq`PrD|Bz@f@XV`@j@Tt@Hh@@~@Ep@W~@i@|@wLzPMV]rBqB|JQ|ACnANdGB^]bkAElEG\NR,NA,US-151 S and Regent St,2025-10-13T04:15:03Z,4.25,NA,FALSE,1.3701234788833214,Regent (Monroe <-> Bedford),WB,North Shore Bedford WB to Regent Monroe via US-151 S and Regent St,2025-10-12 23:15:03
JND_Rimrock_inbound,Hairball_inbound,NA,3849,237,289,sqveG`|n`PwBnDgBvBiB`BgG~DgBv@gJ|CcBt@iAp@_BtAkG~GsBrBcInHkRfQuD~CqAr@qAd@uARuABaAIwKgBcAUwEaBkDcBcBgAg@_@MSmB_BcCmC}@oAk@aAwG{IoImL{CyEmA}AaDoDcCuC]SUG,NA,John Nolen Dr,2025-10-13T06:17:37Z,3.95,NA,FALSE,2.3916577189214983,John Nolen Dr (Rimrock <-> Hairball),NB,JND Rimrock to Hairball via John Nolen Dr,2025-10-13 01:17:37
Hairball_outbound,JND_Rimrock_outbound,NA,3905,275,312,gh|eGjeo`P^?\H\TdE`FdCbD`E`GnPnUlDrEfCbD~AnAtChBhCpAxChAlCr@dG~@bFh@fBAvASlAc@tAw@vIoHzMuLtCgCZ_@rEaExHiIhA_A|AaAh@WhGwBjBi@jBu@zA}@nGyE|AaBfAwA~@{AJA^ST@`@L,NA,John Nolen Dr,2025-10-13T06:17:37Z,4.583333333333333,NA,FALSE,2.426454505686789,John Nolen Dr (Rimrock <-> Hairball),SB,Hairball to JND Rimrock via John Nolen Dr,2025-10-13 01:17:37
Johnson_First_inbound,University_Bassett,NA,3483,316,403,yy_fGvql`PbDpFJRlD~FdCfEjEvGtD|Gv@rAn@hBJ`A@`CDf@Nn@L\h@hA~DvG`K`PjDzF|Sr\rFxIhBnCt[xg@jApBr@bAnHvL,NA,E Gorham St,2025-10-13T06:17:38Z,5.266666666666667,NA,FALSE,2.1642358625626343,Gorham (First to Bassett),SB,Johnson First to University Bassett via E Gorham St,2025-10-13 01:17:38
University_Bassett,University_Babcock,NA,1409,156,205,_w{eGxvr`PJZFp@ArHMbWCdHG|FGjRErT?hDMhFKb@,NA,University Ave,2025-10-13T06:17:38Z,2.6,NA,FALSE,0.8755120098624035,University (Bassett to Babcock),WB,University Bassett to University Babcock via University Ave,2025-10-13 01:17:38
Johnson_Orchard,Johnson_First_outbound,NA,4639,451,559,gp{eG`gu`PDkFFkRVch@@eIGe@Wy@eAsBoVm`@qBmD}BoDoAiBeNoTkAuBkf@sv@{Vca@{F}Is@kAkCeFqCeF_@m@s@sAc@s@,NA,W Johnson St,2025-10-13T06:17:38Z,7.516666666666667,NA,FALSE,2.882540960788992,Johnson (Orchard to First),NB,Johnson Orchard to Johnson First via W Johnson St,2025-10-13 01:17:38
E_Wash_Blair_outbound,E_Wash_E_Springs_outbound,NA,8528,672,872,{x|eGluo`PgUg^{LyRsVq`@s@qAiFcImIuMmGyJcFsH{LeQeM}QyFsIs@y@kCoBkAy@oBcBc@k@i@}@e@eAy@gCgHqUSi@gAoB{AoBkCqCwD_DuBiCuAoBy@yAuAwCuAaC[i@yAkBaGwIeGoJyFkIcG{KoEeIcEyHsBsD{AqCkHcMqBkDqHsMuJsOcWgb@o@aAmEsH_FwH{BwDsJmONW,NA,US-151 N/E Washington Ave,2025-10-13T06:17:38Z,11.2,NA,FALSE,5.299053527399984,E Wash (Blair <-> E Springs),NB,E Wash Blair to E Wash E Springs via US-151 N/E Washington Ave,2025-10-13 01:17:38
E_Wash_Blair_outbound,E_Wash_E_Springs_outbound,NA,9039,808,955,{x|eGluo`PoEaHwLbQmb@iq@uJqOgG{J{F}Is@kAkCeFqCeF_@m@s@sAyD{F}@eASQuAg@Wg@Kg@}AcCm@w@GAoKqOeG{IuImM_DoE{A}BSw@K{@RqZNe@~@q@{EuO{@aBu@eAy@cAkCqCwD_DuBiCuAoBy@yAuAwCuAaC[i@yAkBaGwIeGoJyFkIcG{KoEeIcEyHsBsD{AqCkHcMqBkDqHsMuJsOcWgb@o@aAmEsH_FwH{BwDsJmONW,NA,E Johnson St and US-151 N/E Washington Ave,2025-10-13T06:17:38Z,13.466666666666667,NA,FALSE,5.616574206633262,E Wash (Blair <-> E Springs),NB,E Wash Blair to E Wash E Springs via E Johnson St and US-151 N/E Washington Ave,2025-10-13 01:17:38
E_Wash_Blair_outbound,E_Wash_E_Springs_outbound,NA,11141,797,930,{x|eGluo`PgUg^{LyRsVq`@s@qAiFcImIuMmGyJcFsH{LeQeM}QyFsIs@y@kCoBkAy@oBcBc@k@i@}@e@eAy@gCgHqUSi@gAoB{AoBkCqCIWw@eA_BcBIQEk@Ho@?g@SkA[gBMcB?wDE]Rie@p@_mCFuFJSh@aNTwB`@sBTu@~@kCLm@FoAL]HI@i@GSOESD{@b@cATw@QUOGMSISDMPoABgBEGDw@Wc@Yg@o@[u@q@aCeDwKo@qAq@m@{@_@q@GkRW_AGkFOw@Ds@PWJoAz@{CtDi@`@eAb@w@J{FEw@Ja@JaAh@u@XsA|@uAlA]BSEUIU@QPGPwEhDq@RmABo@AOFiCIWI}BCs@FcA`@gAn@u@~@sAtBaN`TwAvBUDUT[IsIaNNW,NA,US-151 N/E Washington Ave and WI-30 E,2025-10-13T06:17:38Z,13.283333333333333,NA,FALSE,6.922696452716138,E Wash (Blair <-> E Springs),NB,E Wash Blair to E Wash E Springs via US-151 N/E Washington Ave and WI-30 E,2025-10-13 01:17:38
Williamson_Wilson_outbound,Williamson_Thornton_outbound,NA,1851,158,240,{i|eGr}n`PQaAWs@cDsFk@y@E?{Ra[sHoL}D{GcM}Rs@iAoB}BiI_J,NA,Williamson St,2025-10-13T06:17:39Z,2.6333333333333333,NA,FALSE,1.150158076831305,Williamson (Wilson <-> Thornton),NB,Williamson Wilson to Williamson Thornton via Williamson St,2025-10-13 01:17:39
Williamson_Thornton_inbound,Williamson_Wilson_inbound,NA,1755,148,217,{r~eGzxk`PrKnLd@l@jJ~N~DrG~D|GvWxa@`BlCt@tAp@`Bh@z@,NA,Williamson St,2025-10-13T06:17:39Z,2.466666666666667,NA,FALSE,1.0905064423765212,Williamson (Wilson <-> Thornton),SB,Williamson Thornton to Williamson Wilson via Williamson St,2025-10-13 01:17:39
Park_Badger_inbound,Park_University_inbound,NA,4003,362,469,u}teGfwr`P}K?cQAcEBuCD_KAeIIqB@sCXyCh@sA^eC~@aCtAiMrJ{IzGmHvFaEtCg@Rs@NcBBuE?{IFyDCkEAmBEYB[AmCT{DTuKCiIW}DImCYaC?,NA,Wisconsin Law Enforcement Officers Hwy and S Park St,2025-10-13T06:17:40Z,6.033333333333333,NA,FALSE,2.4873488825260477,Park (Badger <-> University),NB,Park Badger to Park University via Wisconsin Law Enforcement Officers Hwy and S Park St,2025-10-13 01:17:40
Park_University_outbound,Park_Badger_outbound,NA,3987,375,483,}v{eGnat`PtC@bALzATd@BpB@fIRhIB`KY|DQ`HDbLA|DApA@bAEf@GdA_@TOnEkDzEsDhCsBlE}CfLcJfCcBvB_AdCy@hBa@jDg@xAEtKBfGAnE@hKKtOFxGA,NA,N Park St,2025-10-13T06:17:40Z,6.25,NA,FALSE,2.4774069434502506,Park (Badger <-> University),SB,Park University to Park Badger via N Park St,2025-10-13 01:17:40
Broom_JND,Broom_Gorham,NA,872,129,181,qyzeGv_q`P]l@?Hy@jAmB`DsOpTyIhMm@x@,NA,S Broom St,2025-10-13T06:17:40Z,2.15,NA,FALSE,0.5418356796309552,Broom (JND to University),NB,Broom JND to Broom Gorham via S Broom St,2025-10-13 01:17:40
Regent_Monroe,North_Shore_Bedford_EB,NA,2074,221,265,stzeGdmv`PGq@FuHZ{gAH_@?eGBsBX_BdAsFb@cBRoARg@`BeClImLj@}@T{@Hw@@iAEm@Mm@[{@UYo@i@,NA,Regent St,2025-10-13T06:17:40Z,3.683333333333333,NA,FALSE,1.2887238527002307,Regent (Monroe <-> Bedford),EB,Regent Monroe to North Shore Bedford EB via Regent St,2025-10-13 01:17:40
North_Shore_Bedford_WB,Regent_Monroe,NA,2205,237,281,eizeGlvq`PrD|Bz@f@XV`@j@Tt@Hh@@~@Ep@W~@i@|@wLzPMV]rBqB|JQ|ACnANdGB^]bkAElEG\NR,NA,US-151 S and Regent St,2025-10-13T06:17:41Z,3.95,NA,FALSE,1.3701234788833214,Regent (Monroe <-> Bedford),WB,North Shore Bedford WB to Regent Monroe via US-151 S and Regent St,2025-10-13 01:17:41
JND_Rimrock_inbound,Hairball_inbound,NA,3849,703,289,sqveG`|n`PwBnDgBvBiB`BgG~DgBv@gJ|CcBt@iAp@_BtAkG~GsBrBcInHkRfQuD~CqAr@qAd@uARuABaAIwKgBcAUwEaBkDcBcBgAg@_@MSmB_BcCmC}@oAk@aAwG{IoImL{CyEmA}AaDoDcCuC]SUG,NA,John Nolen Dr,2025-10-13T13:07:45Z,11.716666666666667,NA,FALSE,2.3916577189214983,John Nolen Dr (Rimrock <-> Hairball),NB,JND Rimrock to Hairball via John Nolen Dr,2025-10-13 08:07:45
Hairball_outbound,JND_Rimrock_outbound,NA,3905,424,312,gh|eGjeo`P^?\H\TdE`FdCbD`E`GnPnUlDrEfCbD~AnAtChBhCpAxChAlCr@dG~@bFh@fBAvASlAc@tAw@vIoHzMuLtCgCZ_@rEaExHiIhA_A|AaAh@WhGwBjBi@jBu@zA}@nGyE|AaBfAwA~@{AJA^ST@`@L,NA,John Nolen Dr,2025-10-13T13:07:45Z,7.066666666666666,NA,FALSE,2.426454505686789,John Nolen Dr (Rimrock <-> Hairball),SB,Hairball to JND Rimrock via John Nolen Dr,2025-10-13 08:07:45
Johnson_First_inbound,University_Bassett,NA,3483,407,403,yy_fGvql`PbDpFJRlD~FdCfEjEvGtD|Gv@rAn@hBJ`A@`CDf@Nn@L\h@hA~DvG`K`PjDzF|Sr\rFxIhBnCt[xg@jApBr@bAnHvL,NA,E Gorham St,2025-10-13T13:07:45Z,6.783333333333333,NA,FALSE,2.1642358625626343,Gorham (First to Bassett),SB,Johnson First to University Bassett via E Gorham St,2025-10-13 08:07:45
University_Bassett,University_Babcock,NA,1409,174,205,_w{eGxvr`PJZFp@ArHMbWCdHG|FGjRErT?hDMhFKb@,NA,University Ave,2025-10-13T13:07:45Z,2.9,NA,FALSE,0.8755120098624035,University (Bassett to Babcock),WB,University Bassett to University Babcock via University Ave,2025-10-13 08:07:45
Johnson_Orchard,Johnson_First_outbound,NA,4639,557,559,gp{eG`gu`PDkFFkRVch@@eIGe@Wy@eAsBoVm`@qBmD}BoDoAiBeNoTkAuBkf@sv@{Vca@{F}Is@kAkCeFqCeF_@m@s@sAc@s@,NA,W Johnson St,2025-10-13T13:07:45Z,9.283333333333333,NA,FALSE,2.882540960788992,Johnson (Orchard to First),NB,Johnson Orchard to Johnson First via W Johnson St,2025-10-13 08:07:45
E_Wash_Blair_outbound,E_Wash_E_Springs_outbound,NA,8528,820,872,{x|eGluo`PgUg^{LyRsVq`@s@qAiFcImIuMmGyJcFsH{LeQeM}QyFsIs@y@kCoBkAy@oBcBc@k@i@}@e@eAy@gCgHqUSi@gAoB{AoBkCqCwD_DuBiCuAoBy@yAuAwCuAaC[i@yAkBaGwIeGoJyFkIcG{KoEeIcEyHsBsD{AqCkHcMqBkDqHsMuJsOcWgb@o@aAmEsH_FwH{BwDsJmONW,NA,US-151 N/E Washington Ave,2025-10-13T13:07:45Z,13.666666666666666,NA,FALSE,5.299053527399984,E Wash (Blair <-> E Springs),NB,E Wash Blair to E Wash E Springs via US-151 N/E Washington Ave,2025-10-13 08:07:45
E_Wash_Blair_outbound,E_Wash_E_Springs_outbound,NA,11141,905,930,{x|eGluo`PgUg^{LyRsVq`@s@qAiFcImIuMmGyJcFsH{LeQeM}QyFsIs@y@kCoBkAy@oBcBc@k@i@}@e@eAy@gCgHqUSi@gAoB{AoBkCqCIWw@eA_BcBIQEk@Ho@?g@SkA[gBMcB?wDE]Rie@p@_mCFuFJSh@aNTwB`@sBTu@~@kCLm@FoAL]HI@i@GSOESD{@b@cATw@QUOGMSISDMPoABgBEGDw@Wc@Yg@o@[u@q@aCeDwKo@qAq@m@{@_@q@GkRW_AGkFOw@Ds@PWJoAz@{CtDi@`@eAb@w@J{FEw@Ja@JaAh@u@XsA|@uAlA]BSEUIU@QPGPwEhDq@RmABo@AOFiCIWI}BCs@FcA`@gAn@u@~@sAtBaN`TwAvBUDUT[IsIaNNW,NA,US-151 N/E Washington Ave and WI-30 E,2025-10-13T13:07:45Z,15.083333333333334,NA,FALSE,6.922696452716138,E Wash (Blair <-> E Springs),NB,E Wash Blair to E Wash E Springs via US-151 N/E Washington Ave and WI-30 E,2025-10-13 08:07:45
E_Wash_Blair_outbound,E_Wash_E_Springs_outbound,NA,9039,973,955,{x|eGluo`PoEaHwLbQmb@iq@uJqOgG{J{F}Is@kAkCeFqCeF_@m@s@sAyD{F}@eASQuAg@Wg@Kg@}AcCm@w@GAoKqOeG{IuImM_DoE{A}BSw@K{@RqZNe@~@q@{EuO{@aBu@eAy@cAkCqCwD_DuBiCuAoBy@yAuAwCuAaC[i@yAkBaGwIeGoJyFkIcG{KoEeIcEyHsBsD{AqCkHcMqBkDqHsMuJsOcWgb@o@aAmEsH_FwH{BwDsJmONW,NA,E Johnson St and US-151 N/E Washington Ave,2025-10-13T13:07:45Z,16.216666666666665,NA,FALSE,5.616574206633262,E Wash (Blair <-> E Springs),NB,E Wash Blair to E Wash E Springs via E Johnson St and US-151 N/E Washington Ave,2025-10-13 08:07:45
Williamson_Wilson_outbound,Williamson_Thornton_outbound,NA,1851,248,240,{i|eGr}n`PQaAWs@cDsFk@y@E?{Ra[sHoL}D{GcM}Rs@iAoB}BiI_J,NA,Williamson St,2025-10-13T13:07:46Z,4.133333333333334,NA,FALSE,1.150158076831305,Williamson (Wilson <-> Thornton),NB,Williamson Wilson to Williamson Thornton via Williamson St,2025-10-13 08:07:46
Williamson_Thornton_inbound,Williamson_Wilson_inbound,NA,1755,181,217,{r~eGzxk`PrKnLd@l@jJ~N~DrG~D|GvWxa@`BlCt@tAp@`Bh@z@,NA,Williamson St,2025-10-13T13:07:46Z,3.0166666666666666,NA,FALSE,1.0905064423765212,Williamson (Wilson <-> Thornton),SB,Williamson Thornton to Williamson Wilson via Williamson St,2025-10-13 08:07:46
Park_Badger_inbound,Park_University_inbound,NA,4003,666,469,u}teGfwr`P}K?cQAcEBuCD_KAeIIqB@sCXyCh@sA^eC~@aCtAiMrJ{IzGmHvFaEtCg@Rs@NcBBuE?{IFyDCkEAmBEYB[AmCT{DTuKCiIW}DImCYaC?,NA,Wisconsin Law Enforcement Officers Hwy and S Park St,2025-10-13T13:07:46Z,11.1,NA,FALSE,2.4873488825260477,Park (Badger <-> University),NB,Park Badger to Park University via Wisconsin Law Enforcement Officers Hwy and S Park St,2025-10-13 08:07:46
Park_Badger_inbound,Park_University_inbound,NA,4810,736,534,u}teGfwr`PEdJB`BQzn@eO@MJwN@MKmCK}A]eBs@s@_@M?sXqRgDsBeAg@u@YsBa@yDCcGC_EGmD?kACOIWIOQQYaGrEaEtCg@Rs@NcBBuE?{IFyDCkEAmBEYB[AmCT{DTuKCiIW}DImCYaC?,NA,Fish Hatchery Rd,2025-10-13T13:07:46Z,12.266666666666667,NA,FALSE,2.988795434661576,Park (Badger <-> University),NB,Park Badger to Park University via Fish Hatchery Rd,2025-10-13 08:07:46
Park_University_outbound,Park_Badger_outbound,NA,3987,518,483,}v{eGnat`PtC@bALzATd@BpB@fIRhIB`KY|DQ`HDbLA|DApA@bAEf@GdA_@TOnEkDzEsDhCsBlE}CfLcJfCcBvB_AdCy@hBa@jDg@xAEtKBfGAnE@hKKtOFxGA,NA,N Park St,2025-10-13T13:07:46Z,8.633333333333333,NA,FALSE,2.4774069434502506,Park (Badger <-> University),SB,Park University to Park Badger via N Park St,2025-10-13 08:07:46
Broom_JND,Broom_Gorham,NA,872,205,181,qyzeGv_q`P]l@?Hy@jAmB`DsOpTyIhMm@x@,NA,S Broom St,2025-10-13T13:07:46Z,3.4166666666666665,NA,FALSE,0.5418356796309552,Broom (JND to University),NB,Broom JND to Broom Gorham via S Broom St,2025-10-13 08:07:46
Regent_Monroe,North_Shore_Bedford_EB,NA,2074,247,265,stzeGdmv`PGq@FuHZ{gAH_@?eGBsBX_BdAsFb@cBRoARg@`BeClImLj@}@T{@Hw@@iAEm@Mm@[{@UYo@i@,NA,Regent St,2025-10-13T13:07:47Z,4.116666666666666,NA,FALSE,1.2887238527002307,Regent (Monroe <-> Bedford),EB,Regent Monroe to North Shore Bedford EB via Regent St,2025-10-13 08:07:47
North_Shore_Bedford_WB,Regent_Monroe,NA,2205,304,281,eizeGlvq`PrD|Bz@f@XV`@j@Tt@Hh@@~@Ep@W~@i@|@wLzPMV]rBqB|JQ|ACnANdGB^]bkAElEG\NR,NA,US-151 S and Regent St,2025-10-13T13:07:47Z,5.066666666666666,NA,FALSE,1.3701234788833214,Regent (Monroe <-> Bedford),WB,North Shore Bedford WB to Regent Monroe via US-151 S and Regent St,2025-10-13 08:07:47
JND_Rimrock_inbound,Hairball_inbound,NA,3849,438,289,sqveG`|n`PwBnDgBvBiB`BgG~DgBv@gJ|CcBt@iAp@_BtAkG~GsBrBcInHkRfQuD~CqAr@qAd@uARuABaAIwKgBcAUwEaBkDcBcBgAg@_@MSmB_BcCmC}@oAk@aAwG{IoImL{CyEmA}AaDoDcCuC]SUG,NA,John Nolen Dr,2025-10-13T13:27:17Z,7.3,NA,FALSE,2.3916577189214983,John Nolen Dr (Rimrock <-> Hairball),NB,JND Rimrock to Hairball via John Nolen Dr,2025-10-13 08:27:17
Hairball_outbound,JND_Rimrock_outbound,NA,3905,321,312,gh|eGjeo`P^?\H\TdE`FdCbD`E`GnPnUlDrEfCbD~AnAtChBhCpAxChAlCr@dG~@bFh@fBAvASlAc@tAw@vIoHzMuLtCgCZ_@rEaExHiIhA_A|AaAh@WhGwBjBi@jBu@zA}@nGyE|AaBfAwA~@{AJA^ST@`@L,NA,John Nolen Dr,2025-10-13T13:27:17Z,5.35,NA,FALSE,2.426454505686789,John Nolen Dr (Rimrock <-> Hairball),SB,Hairball to JND Rimrock via John Nolen Dr,2025-10-13 08:27:17
Johnson_First_inbound,University_Bassett,NA,3483,464,403,yy_fGvql`PbDpFJRlD~FdCfEjEvGtD|Gv@rAn@hBJ`A@`CDf@Nn@L\h@hA~DvG`K`PjDzF|Sr\rFxIhBnCt[xg@jApBr@bAnHvL,NA,E Gorham St,2025-10-13T13:27:17Z,7.733333333333333,NA,FALSE,2.1642358625626343,Gorham (First to Bassett),SB,Johnson First to University Bassett via E Gorham St,2025-10-13 08:27:17
University_Bassett,University_Babcock,NA,1409,180,205,_w{eGxvr`PJZFp@ArHMbWCdHG|FGjRErT?hDMhFKb@,NA,University Ave,2025-10-13T13:27:17Z,3,NA,FALSE,0.8755120098624035,University (Bassett to Babcock),WB,University Bassett to University Babcock via University Ave,2025-10-13 08:27:17
Johnson_Orchard,Johnson_First_outbound,NA,4639,539,559,gp{eG`gu`PDkFFkRVch@@eIGe@Wy@eAsBoVm`@qBmD}BoDoAiBeNoTkAuBkf@sv@{Vca@{F}Is@kAkCeFqCeF_@m@s@sAc@s@,NA,W Johnson St,2025-10-13T13:27:18Z,8.983333333333333,NA,FALSE,2.882540960788992,Johnson (Orchard to First),NB,Johnson Orchard to Johnson First via W Johnson St,2025-10-13 08:27:18
E_Wash_Blair_outbound,E_Wash_E_Springs_outbound,NA,8528,813,872,{x|eGluo`PgUg^{LyRsVq`@s@qAiFcImIuMmGyJcFsH{LeQeM}QyFsIs@y@kCoBkAy@oBcBc@k@i@}@e@eAy@gCgHqUSi@gAoB{AoBkCqCwD_DuBiCuAoBy@yAuAwCuAaC[i@yAkBaGwIeGoJyFkIcG{KoEeIcEyHsBsD{AqCkHcMqBkDqHsMuJsOcWgb@o@aAmEsH_FwH{BwDsJmONW,NA,US-151 N/E Washington Ave,2025-10-13T13:27:18Z,13.55,NA,FALSE,5.299053527399984,E Wash (Blair <-> E Springs),NB,E Wash Blair to E Wash E Springs via US-151 N/E Washington Ave,2025-10-13 08:27:18
E_Wash_Blair_outbound,E_Wash_E_Springs_outbound,NA,11141,888,930,{x|eGluo`PgUg^{LyRsVq`@s@qAiFcImIuMmGyJcFsH{LeQeM}QyFsIs@y@kCoBkAy@oBcBc@k@i@}@e@eAy@gCgHqUSi@gAoB{AoBkCqCIWw@eA_BcBIQEk@Ho@?g@SkA[gBMcB?wDE]Rie@p@_mCFuFJSh@aNTwB`@sBTu@~@kCLm@FoAL]HI@i@GSOESD{@b@cATw@QUOGMSISDMPoABgBEGDw@Wc@Yg@o@[u@q@aCeDwKo@qAq@m@{@_@q@GkRW_AGkFOw@Ds@PWJoAz@{CtDi@`@eAb@w@J{FEw@Ja@JaAh@u@XsA|@uAlA]BSEUIU@QPGPwEhDq@RmABo@AOFiCIWI}BCs@FcA`@gAn@u@~@sAtBaN`TwAvBUDUT[IsIaNNW,NA,US-151 N/E Washington Ave and WI-30 E,2025-10-13T13:27:18Z,14.8,NA,FALSE,6.922696452716138,E Wash (Blair <-> E Springs),NB,E Wash Blair to E Wash E Springs via US-151 N/E Washington Ave and WI-30 E,2025-10-13 08:27:18
E_Wash_Blair_outbound,E_Wash_E_Springs_outbound,NA,9039,943,955,{x|eGluo`PoEaHwLbQmb@iq@uJqOgG{J{F}Is@kAkCeFqCeF_@m@s@sAyD{F}@eASQuAg@Wg@Kg@}AcCm@w@GAoKqOeG{IuImM_DoE{A}BSw@K{@RqZNe@~@q@{EuO{@aBu@eAy@cAkCqCwD_DuBiCuAoBy@yAuAwCuAaC[i@yAkBaGwIeGoJyFkIcG{KoEeIcEyHsBsD{AqCkHcMqBkDqHsMuJsOcWgb@o@aAmEsH_FwH{BwDsJmONW,NA,E Johnson St and US-151 N/E Washington Ave,2025-10-13T13:27:18Z,15.716666666666667,NA,FALSE,5.616574206633262,E Wash (Blair <-> E Springs),NB,E Wash Blair to E Wash E Springs via E Johnson St and US-151 N/E Washington Ave,2025-10-13 08:27:18
Williamson_Wilson_outbound,Williamson_Thornton_outbound,NA,1851,234,240,{i|eGr}n`PQaAWs@cDsFk@y@E?{Ra[sHoL}D{GcM}Rs@iAoB}BiI_J,NA,Williamson St,2025-10-13T13:27:18Z,3.9,NA,FALSE,1.150158076831305,Williamson (Wilson <-> Thornton),NB,Williamson Wilson to Williamson Thornton via Williamson St,2025-10-13 08:27:18
Williamson_Thornton_inbound,Williamson_Wilson_inbound,NA,1755,183,217,{r~eGzxk`PrKnLd@l@jJ~N~DrG~D|GvWxa@`BlCt@tAp@`Bh@z@,NA,Williamson St,2025-10-13T13:27:18Z,3.05,NA,FALSE,1.0905064423765212,Williamson (Wilson <-> Thornton),SB,Williamson Thornton to Williamson Wilson via Williamson St,2025-10-13 08:27:18
Park_Badger_inbound,Park_University_inbound,NA,4003,729,469,u}teGfwr`P}K?cQAcEBuCD_KAeIIqB@sCXyCh@sA^eC~@aCtAiMrJ{IzGmHvFaEtCg@Rs@NcBBuE?{IFyDCkEAmBEYB[AmCT{DTuKCiIW}DImCYaC?,NA,Wisconsin Law Enforcement Officers Hwy and S Park St,2025-10-13T13:27:18Z,12.15,NA,FALSE,2.4873488825260477,Park (Badger <-> University),NB,Park Badger to Park University via Wisconsin Law Enforcement Officers Hwy and S Park St,2025-10-13 08:27:18
Park_Badger_inbound,Park_University_inbound,NA,4810,785,534,u}teGfwr`PEdJB`BQzn@eO@MJwN@MKmCK}A]eBs@s@_@M?sXqRgDsBeAg@u@YsBa@yDCcGC_EGmD?kACOIWIOQQYaGrEaEtCg@Rs@NcBBuE?{IFyDCkEAmBEYB[AmCT{DTuKCiIW}DImCYaC?,NA,Fish Hatchery Rd,2025-10-13T13:27:18Z,13.083333333333334,NA,FALSE,2.988795434661576,Park (Badger <-> University),NB,Park Badger to Park University via Fish Hatchery Rd,2025-10-13 08:27:18
Park_University_outbound,Park_Badger_outbound,NA,3987,484,483,}v{eGnat`PtC@bALzATd@BpB@fIRhIB`KY|DQ`HDbLA|DApA@bAEf@GdA_@TOnEkDzEsDhCsBlE}CfLcJfCcBvB_AdCy@hBa@jDg@xAEtKBfGAnE@hKKtOFxGA,NA,N Park St,2025-10-13T13:27:19Z,8.066666666666666,NA,FALSE,2.4774069434502506,Park (Badger <-> University),SB,Park University to Park Badger via N Park St,2025-10-13 08:27:19
Broom_JND,Broom_Gorham,NA,872,198,181,qyzeGv_q`P]l@?Hy@jAmB`DsOpTyIhMm@x@,NA,S Broom St,2025-10-13T13:27:19Z,3.3,NA,FALSE,0.5418356796309552,Broom (JND to University),NB,Broom JND to Broom Gorham via S Broom St,2025-10-13 08:27:19
Regent_Monroe,North_Shore_Bedford_EB,NA,2074,252,265,stzeGdmv`PGq@FuHZ{gAH_@?eGBsBX_BdAsFb@cBRoARg@`BeClImLj@}@T{@Hw@@iAEm@Mm@[{@UYo@i@,NA,Regent St,2025-10-13T13:27:19Z,4.2,NA,FALSE,1.2887238527002307,Regent (Monroe <-> Bedford),EB,Regent Monroe to North Shore Bedford EB via Regent St,2025-10-13 08:27:19
North_Shore_Bedford_WB,Regent_Monroe,NA,2205,290,281,eizeGlvq`PrD|Bz@f@XV`@j@Tt@Hh@@~@Ep@W~@i@|@wLzPMV]rBqB|JQ|ACnANdGB^]bkAElEG\NR,NA,US-151 S and Regent St,2025-10-13T13:27:19Z,4.833333333333333,NA,FALSE,1.3701234788833214,Regent (Monroe <-> Bedford),WB,North Shore Bedford WB to Regent Monroe via US-151 S and Regent St,2025-10-13 08:27:19
JND_Rimrock_inbound,Hairball_inbound,NA,3849,489,289,sqveG`|n`PwBnDgBvBiB`BgG~DgBv@gJ|CcBt@iAp@_BtAkG~GsBrBcInHkRfQuD~CqAr@qAd@uARuABaAIwKgBcAUwEaBkDcBcBgAg@_@MSmB_BcCmC}@oAk@aAwG{IoImL{CyEmA}AaDoDcCuC]SUG,NA,John Nolen Dr,2025-10-13T13:45:55Z,8.15,NA,FALSE,2.3916577189214983,John Nolen Dr (Rimrock <-> Hairball),NB,JND Rimrock to Hairball via John Nolen Dr,2025-10-13 08:45:55.828634
Hairball_outbound,JND_Rimrock_outbound,NA,3905,313,312,gh|eGjeo`P^?\H\TdE`FdCbD`E`GnPnUlDrEfCbD~AnAtChBhCpAxChAlCr@dG~@bFh@fBAvASlAc@tAw@vIoHzMuLtCgCZ_@rEaExHiIhA_A|AaAh@WhGwBjBi@jBu@zA}@nGyE|AaBfAwA~@{AJA^ST@`@L,NA,John Nolen Dr,2025-10-13T13:45:55Z,5.216666666666667,NA,FALSE,2.426454505686789,John Nolen Dr (Rimrock <-> Hairball),SB,Hairball to JND Rimrock via John Nolen Dr,2025-10-13 08:45:55.986185
Johnson_First_inbound,University_Bassett,NA,3483,387,403,yy_fGvql`PbDpFJRlD~FdCfEjEvGtD|Gv@rAn@hBJ`A@`CDf@Nn@L\h@hA~DvG`K`PjDzF|Sr\rFxIhBnCt[xg@jApBr@bAnHvL,NA,E Gorham St,2025-10-13T13:45:56Z,6.45,NA,FALSE,2.1642358625626343,Gorham (First to Bassett),SB,Johnson First to University Bassett via E Gorham St,2025-10-13 08:45:56.158761
University_Bassett,University_Babcock,NA,1409,201,205,_w{eGxvr`PJZFp@ArHMbWCdHG|FGjRErT?hDMhFKb@,NA,University Ave,2025-10-13T13:45:56Z,3.35,NA,FALSE,0.8755120098624035,University (Bassett to Babcock),WB,University Bassett to University Babcock via University Ave,2025-10-13 08:45:56.320202
Johnson_Orchard,Johnson_First_outbound,NA,4639,544,559,gp{eG`gu`PDkFFkRVch@@eIGe@Wy@eAsBoVm`@qBmD}BoDoAiBeNoTkAuBkf@sv@{Vca@{F}Is@kAkCeFqCeF_@m@s@sAc@s@,NA,W Johnson St,2025-10-13T13:45:56Z,9.066666666666666,NA,FALSE,2.882540960788992,Johnson (Orchard to First),NB,Johnson Orchard to Johnson First via W Johnson St,2025-10-13 08:45:56.477221
E_Wash_Blair_outbound,E_Wash_E_Springs_outbound,NA,8528,824,872,{x|eGluo`PgUg^{LyRsVq`@s@qAiFcImIuMmGyJcFsH{LeQeM}QyFsIs@y@kCoBkAy@oBcBc@k@i@}@e@eAy@gCgHqUSi@gAoB{AoBkCqCwD_DuBiCuAoBy@yAuAwCuAaC[i@yAkBaGwIeGoJyFkIcG{KoEeIcEyHsBsD{AqCkHcMqBkDqHsMuJsOcWgb@o@aAmEsH_FwH{BwDsJmONW,NA,US-151 N/E Washington Ave,2025-10-13T13:45:56Z,13.733333333333333,NA,FALSE,5.299053527399984,E Wash (Blair <-> E Springs),NB,E Wash Blair to E Wash E Springs via US-151 N/E Washington Ave,2025-10-13 08:45:56.659692
E_Wash_Blair_outbound,E_Wash_E_Springs_outbound,NA,11141,891,930,{x|eGluo`PgUg^{LyRsVq`@s@qAiFcImIuMmGyJcFsH{LeQeM}QyFsIs@y@kCoBkAy@oBcBc@k@i@}@e@eAy@gCgHqUSi@gAoB{AoBkCqCIWw@eA_BcBIQEk@Ho@?g@SkA[gBMcB?wDE]Rie@p@_mCFuFJSh@aNTwB`@sBTu@~@kCLm@FoAL]HI@i@GSOESD{@b@cATw@QUOGMSISDMPoABgBEGDw@Wc@Yg@o@[u@q@aCeDwKo@qAq@m@{@_@q@GkRW_AGkFOw@Ds@PWJoAz@{CtDi@`@eAb@w@J{FEw@Ja@JaAh@u@XsA|@uAlA]BSEUIU@QPGPwEhDq@RmABo@AOFiCIWI}BCs@FcA`@gAn@u@~@sAtBaN`TwAvBUDUT[IsIaNNW,NA,US-151 N/E Washington Ave and WI-30 E,2025-10-13T13:45:56Z,14.85,NA,FALSE,6.922696452716138,E Wash (Blair <-> E Springs),NB,E Wash Blair to E Wash E Springs via US-151 N/E Washington Ave and WI-30 E,2025-10-13 08:45:56.662851
E_Wash_Blair_outbound,E_Wash_E_Springs_outbound,NA,9039,938,955,{x|eGluo`PoEaHwLbQmb@iq@uJqOgG{J{F}Is@kAkCeFqCeF_@m@s@sAyD{F}@eASQuAg@Wg@Kg@}AcCm@w@GAoKqOeG{IuImM_DoE{A}BSw@K{@RqZNe@~@q@{EuO{@aBu@eAy@cAkCqCwD_DuBiCuAoBy@yAuAwCuAaC[i@yAkBaGwIeGoJyFkIcG{KoEeIcEyHsBsD{AqCkHcMqBkDqHsMuJsOcWgb@o@aAmEsH_FwH{BwDsJmONW,NA,E Johnson St and US-151 N/E Washington Ave,2025-10-13T13:45:56Z,15.633333333333333,NA,FALSE,5.616574206633262,E Wash (Blair <-> E Springs),NB,E Wash Blair to E Wash E Springs via E Johnson St and US-151 N/E Washington Ave,2025-10-13 08:45:56.667842
Williamson_Wilson_outbound,Williamson_Thornton_outbound,NA,1851,226,240,{i|eGr}n`PQaAWs@cDsFk@y@E?{Ra[sHoL}D{GcM}Rs@iAoB}BiI_J,NA,Williamson St,2025-10-13T13:45:57Z,3.7666666666666666,NA,FALSE,1.150158076831305,Williamson (Wilson <-> Thornton),NB,Williamson Wilson to Williamson Thornton via Williamson St,2025-10-13 08:45:57.019912
Williamson_Thornton_inbound,Williamson_Wilson_inbound,NA,1755,176,217,{r~eGzxk`PrKnLd@l@jJ~N~DrG~D|GvWxa@`BlCt@tAp@`Bh@z@,NA,Williamson St,2025-10-13T13:45:57Z,2.933333333333333,NA,FALSE,1.0905064423765212,Williamson (Wilson <-> Thornton),SB,Williamson Thornton to Williamson Wilson via Williamson St,2025-10-13 08:45:57.16274
Park_Badger_inbound,Park_University_inbound,NA,4003,634,469,u}teGfwr`P}K?cQAcEBuCD_KAeIIqB@sCXyCh@sA^eC~@aCtAiMrJ{IzGmHvFaEtCg@Rs@NcBBuE?{IFyDCkEAmBEYB[AmCT{DTuKCiIW}DImCYaC?,NA,Wisconsin Law Enforcement Officers Hwy and S Park St,2025-10-13T13:45:57Z,10.566666666666666,NA,FALSE,2.4873488825260477,Park (Badger <-> University),NB,Park Badger to Park University via Wisconsin Law Enforcement Officers Hwy and S Park St,2025-10-13 08:45:57.347187
Park_Badger_inbound,Park_University_inbound,NA,4810,749,534,u}teGfwr`PEdJB`BQzn@eO@MJwN@MKmCK}A]eBs@s@_@M?sXqRgDsBeAg@u@YsBa@yDCcGC_EGmD?kACOIWIOQQYaGrEaEtCg@Rs@NcBBuE?{IFyDCkEAmBEYB[AmCT{DTuKCiIW}DImCYaC?,NA,Fish Hatchery Rd,2025-10-13T13:45:57Z,12.483333333333333,NA,FALSE,2.988795434661576,Park (Badger <-> University),NB,Park Badger to Park University via Fish Hatchery Rd,2025-10-13 08:45:57.350565
Park_University_outbound,Park_Badger_outbound,NA,3987,480,483,}v{eGnat`PtC@bALzATd@BpB@fIRhIB`KY|DQ`HDbLA|DApA@bAEf@GdA_@TOnEkDzEsDhCsBlE}CfLcJfCcBvB_AdCy@hBa@jDg@xAEtKBfGAnE@hKKtOFxGA,NA,N Park St,2025-10-13T13:45:57Z,8,NA,FALSE,2.4774069434502506,Park (Badger <-> University),SB,Park University to Park Badger via N Park St,2025-10-13 08:45:57.515365
Broom_JND,Broom_Gorham,NA,872,193,181,qyzeGv_q`P]l@?Hy@jAmB`DsOpTyIhMm@x@,NA,S Broom St,2025-10-13T13:45:57Z,3.216666666666667,NA,FALSE,0.5418356796309552,Broom (JND to University),NB,Broom JND to Broom Gorham via S Broom St,2025-10-13 08:45:57.781613
Regent_Monroe,North_Shore_Bedford_EB,NA,2074,251,265,stzeGdmv`PGq@FuHZ{gAH_@?eGBsBX_BdAsFb@cBRoARg@`BeClImLj@}@T{@Hw@@iAEm@Mm@[{@UYo@i@,NA,Regent St,2025-10-13T13:45:57Z,4.183333333333334,NA,FALSE,1.2887238527002307,Regent (Monroe <-> Bedford),EB,Regent Monroe to North Shore Bedford EB via Regent St,2025-10-13 08:45:57.965449
North_Shore_Bedford_WB,Regent_Monroe,NA,2205,297,281,eizeGlvq`PrD|Bz@f@XV`@j@Tt@Hh@@~@Ep@W~@i@|@wLzPMV]rBqB|JQ|ACnANdGB^]bkAElEG\NR,NA,US-151 S and Regent St,2025-10-13T13:45:58Z,4.95,NA,FALSE,1.3701234788833214,Regent (Monroe <-> Bedford),WB,North Shore Bedford WB to Regent Monroe via US-151 S and Regent St,2025-10-13 08:45:58.129735
