origin,destination,intermediate,distance,duration,static_duration,polyline,request_time,description,request_time_UTC
JND_Rimrock_inbound,Hairball_inbound,NA,3849,272s,289s,sqveG`|n`PwBnDgBvBiB`BgG~DgBv@gJ|CcBt@iAp@_BtAkG~GsBrBcInHkRfQuD~CqAr@qAd@uARuABaAIwKgBcAUwEaBkDcBcBgAg@_@MSmB_BcCmC}@oAk@aAwG{IoImL{CyEmA}AaDoDcCuC]SUG,2025-10-12T21:39:21Z,John Nolen Dr,NA
Hairball_outbound,JND_Rimrock_outbound,NA,3905,278s,312s,gh|eGjeo`P^?\H\TdE`FdCbD`E`GnPnUlDrEfCbD~AnAtChBhCpAxChAlCr@dG~@bFh@fBAvASlAc@tAw@vIoHzMuLtCgCZ_@rEaExHiIhA_A|AaAh@WhGwBjBi@jBu@zA}@nGyE|AaBfAwA~@{AJA^ST@`@L,2025-10-12T21:39:21Z,John Nolen Dr,NA
Johnson_First_inbound,University_Bassett,NA,3483,398s,403s,yy_fGvql`PbDpFJRlD~FdCfEjEvGtD|Gv@rAn@hBJ`A@`CDf@Nn@L\h@hA~DvG`K`PjDzF|Sr\rFxIhBnCt[xg@jApBr@bAnHvL,2025-10-12T21:39:21Z,E Gorham St,NA
University_Bassett,University_Babcock,NA,1409,198s,205s,_w{eGxvr`PJZFp@ArHMbWCdHG|FGjRErT?hDMhFKb@,2025-10-12T21:39:21Z,University Ave,NA
Johnson_Orchard,Johnson_First_outbound,NA,4639,547s,559s,gp{eG`gu`PDkFFkRVch@@eIGe@Wy@eAsBoVm`@qBmD}BoDoAiBeNoTkAuBkf@sv@{Vca@{F}Is@kAkCeFqCeF_@m@s@sAc@s@,2025-10-12T21:39:21Z,W Johnson St,NA
E_Wash_Blair_outbound,E_Wash_E_Springs_outbound,NA,8528,838s,872s,{x|eGluo`PgUg^{LyRsVq`@s@qAiFcImIuMmGyJcFsH{LeQeM}QyFsIs@y@kCoBkAy@oBcBc@k@i@}@e@eAy@gCgHqUSi@gAoB{AoBkCqCwD_DuBiCuAoBy@yAuAwCuAaC[i@yAkBaGwIeGoJyFkIcG{KoEeIcEyHsBsD{AqCkHcMqBkDqHsMuJsOcWgb@o@aAmEsH_FwH{BwDsJmONW,2025-10-12T21:39:22Z,US-151 N/E Washington Ave,NA
E_Wash_Blair_outbound,E_Wash_E_Springs_outbound,NA,9039,943s,955s,{x|eGluo`PoEaHwLbQmb@iq@uJqOgG{J{F}Is@kAkCeFqCeF_@m@s@sAyD{F}@eASQuAg@Wg@Kg@}AcCm@w@GAoKqOeG{IuImM_DoE{A}BSw@K{@RqZNe@~@q@{EuO{@aBu@eAy@cAkCqCwD_DuBiCuAoBy@yAuAwCuAaC[i@yAkBaGwIeGoJyFkIcG{KoEeIcEyHsBsD{AqCkHcMqBkDqHsMuJsOcWgb@o@aAmEsH_FwH{BwDsJmONW,2025-10-12T21:39:22Z,E Johnson St and US-151 N/E Washington Ave,NA
E_Wash_Blair_outbound,E_Wash_E_Springs_outbound,NA,11141,906s,930s,{x|eGluo`PgUg^{LyRsVq`@s@qAiFcImIuMmGyJcFsH{LeQeM}QyFsIs@y@kCoBkAy@oBcBc@k@i@}@e@eAy@gCgHqUSi@gAoB{AoBkCqCIWw@eA_BcBIQEk@Ho@?g@SkA[gBMcB?wDE]Rie@p@_mCFuFJSh@aNTwB`@sBTu@~@kCLm@FoAL]HI@i@GSOESD{@b@cATw@QUOGMSISDMPoABgBEGDw@Wc@Yg@o@[u@q@aCeDwKo@qAq@m@{@_@q@GkRW_AGkFOw@Ds@PWJoAz@{CtDi@`@eAb@w@J{FEw@Ja@JaAh@u@XsA|@uAlA]BSEUIU@QPGPwEhDq@RmABo@AOFiCIWI}BCs@FcA`@gAn@u@~@sAtBaN`TwAvBUDUT[IsIaNNW,2025-10-12T21:39:22Z,US-151 N/E Washington Ave and WI-30 E,NA
Williamson_Wilson_outbound,Williamson_Thornton_outbound,NA,1851,206s,240s,{i|eGr}n`PQaAWs@cDsFk@y@E?{Ra[sHoL}D{GcM}Rs@iAoB}BiI_J,2025-10-12T21:39:22Z,Williamson St,NA
Williamson_Thornton_inbound,Williamson_Wilson_inbound,NA,1755,198s,217s,{r~eGzxk`PrKnLd@l@jJ~N~DrG~D|GvWxa@`BlCt@tAp@`Bh@z@,2025-10-12T21:39:22Z,Williamson St,NA
Park_Badger_inbound,Park_University_inbound,NA,4003,450s,469s,u}teGfwr`P}K?cQAcEBuCD_KAeIIqB@sCXyCh@sA^eC~@aCtAiMrJ{IzGmHvFaEtCg@Rs@NcBBuE?{IFyDCkEAmBEYB[AmCT{DTuKCiIW}DImCYaC?,2025-10-12T21:39:22Z,Wisconsin Law Enforcement Officers Hwy and S Park St,NA
Park_Badger_inbound,Park_University_inbound,NA,4810,526s,534s,u}teGfwr`PEdJB`BQzn@eO@MJwN@MKmCK}A]eBs@s@_@M?sXqRgDsBeAg@u@YsBa@yDCcGC_EGmD?kACOIWIOQQYaGrEaEtCg@Rs@NcBBuE?{IFyDCkEAmBEYB[AmCT{DTuKCiIW}DImCYaC?,2025-10-12T21:39:22Z,Fish Hatchery Rd,NA
Park_University_outbound,Park_Badger_outbound,NA,3987,467s,483s,}v{eGnat`PtC@bALzATd@BpB@fIRhIB`KY|DQ`HDbLA|DApA@bAEf@GdA_@TOnEkDzEsDhCsBlE}CfLcJfCcBvB_AdCy@hBa@jDg@xAEtKBfGAnE@hKKtOFxGA,2025-10-12T21:39:23Z,N Park St,NA
Broom_JND,Broom_Gorham,NA,872,192s,181s,qyzeGv_q`P]l@?Hy@jAmB`DsOpTyIhMm@x@,2025-10-12T21:39:23Z,S Broom St,NA
Regent_Monroe,North_Shore_Bedford_EB,NA,2074,241s,265s,stzeGdmv`PGq@FuHZ{gAH_@?eGBsBX_BdAsFb@cBRoARg@`BeClImLj@}@T{@Hw@@iAEm@Mm@[{@UYo@i@,2025-10-12T21:39:23Z,Regent St,NA
North_Shore_Bedford_WB,Regent_Monroe,NA,2205,264s,281s,eizeGlvq`PrD|Bz@f@XV`@j@Tt@Hh@@~@Ep@W~@i@|@wLzPMV]rBqB|JQ|ACnANdGB^]bkAElEG\NR,2025-10-12T21:39:23Z,US-151 S and Regent St,NA
JND_Rimrock_inbound,Hairball_inbound,NA,3849,275s,289s,sqveG`|n`PwBnDgBvBiB`BgG~DgBv@gJ|CcBt@iAp@_BtAkG~GsBrBcInHkRfQuD~CqAr@qAd@uARuABaAIwKgBcAUwEaBkDcBcBgAg@_@MSmB_BcCmC}@oAk@aAwG{IoImL{CyEmA}AaDoDcCuC]SUG,2025-10-12T23:43:14Z,John Nolen Dr,NA
Hairball_outbound,JND_Rimrock_outbound,NA,3905,287s,312s,gh|eGjeo`P^?\H\TdE`FdCbD`E`GnPnUlDrEfCbD~AnAtChBhCpAxChAlCr@dG~@bFh@fBAvASlAc@tAw@vIoHzMuLtCgCZ_@rEaExHiIhA_A|AaAh@WhGwBjBi@jBu@zA}@nGyE|AaBfAwA~@{AJA^ST@`@L,2025-10-12T23:43:14Z,John Nolen Dr,NA
Johnson_First_inbound,University_Bassett,NA,3483,424s,403s,yy_fGvql`PbDpFJRlD~FdCfEjEvGtD|Gv@rAn@hBJ`A@`CDf@Nn@L\h@hA~DvG`K`PjDzF|Sr\rFxIhBnCt[xg@jApBr@bAnHvL,2025-10-12T23:43:14Z,E Gorham St,NA
University_Bassett,University_Babcock,NA,1409,198s,205s,_w{eGxvr`PJZFp@ArHMbWCdHG|FGjRErT?hDMhFKb@,2025-10-12T23:43:15Z,University Ave,NA
Johnson_Orchard,Johnson_First_outbound,NA,4639,531s,559s,gp{eG`gu`PDkFFkRVch@@eIGe@Wy@eAsBoVm`@qBmD}BoDoAiBeNoTkAuBkf@sv@{Vca@{F}Is@kAkCeFqCeF_@m@s@sAc@s@,2025-10-12T23:43:15Z,W Johnson St,NA
E_Wash_Blair_outbound,E_Wash_E_Springs_outbound,NA,8528,806s,872s,{x|eGluo`PgUg^{LyRsVq`@s@qAiFcImIuMmGyJcFsH{LeQeM}QyFsIs@y@kCoBkAy@oBcBc@k@i@}@e@eAy@gCgHqUSi@gAoB{AoBkCqCwD_DuBiCuAoBy@yAuAwCuAaC[i@yAkBaGwIeGoJyFkIcG{KoEeIcEyHsBsD{AqCkHcMqBkDqHsMuJsOcWgb@o@aAmEsH_FwH{BwDsJmONW,2025-10-12T23:43:15Z,US-151 N/E Washington Ave,NA
E_Wash_Blair_outbound,E_Wash_E_Springs_outbound,NA,9039,920s,955s,{x|eGluo`PoEaHwLbQmb@iq@uJqOgG{J{F}Is@kAkCeFqCeF_@m@s@sAyD{F}@eASQuAg@Wg@Kg@}AcCm@w@GAoKqOeG{IuImM_DoE{A}BSw@K{@RqZNe@~@q@{EuO{@aBu@eAy@cAkCqCwD_DuBiCuAoBy@yAuAwCuAaC[i@yAkBaGwIeGoJyFkIcG{KoEeIcEyHsBsD{AqCkHcMqBkDqHsMuJsOcWgb@o@aAmEsH_FwH{BwDsJmONW,2025-10-12T23:43:15Z,E Johnson St and US-151 N/E Washington Ave,NA
E_Wash_Blair_outbound,E_Wash_E_Springs_outbound,NA,11141,894s,930s,{x|eGluo`PgUg^{LyRsVq`@s@qAiFcImIuMmGyJcFsH{LeQeM}QyFsIs@y@kCoBkAy@oBcBc@k@i@}@e@eAy@gCgHqUSi@gAoB{AoBkCqCIWw@eA_BcBIQEk@Ho@?g@SkA[gBMcB?wDE]Rie@p@_mCFuFJSh@aNTwB`@sBTu@~@kCLm@FoAL]HI@i@GSOESD{@b@cATw@QUOGMSISDMPoABgBEGDw@Wc@Yg@o@[u@q@aCeDwKo@qAq@m@{@_@q@GkRW_AGkFOw@Ds@PWJoAz@{CtDi@`@eAb@w@J{FEw@Ja@JaAh@u@XsA|@uAlA]BSEUIU@QPGPwEhDq@RmABo@AOFiCIWI}BCs@FcA`@gAn@u@~@sAtBaN`TwAvBUDUT[IsIaNNW,2025-10-12T23:43:15Z,US-151 N/E Washington Ave and WI-30 E,NA
Williamson_Wilson_outbound,Williamson_Thornton_outbound,NA,1851,206s,240s,{i|eGr}n`PQaAWs@cDsFk@y@E?{Ra[sHoL}D{GcM}Rs@iAoB}BiI_J,2025-10-12T23:43:15Z,Williamson St,NA
Williamson_Thornton_inbound,Williamson_Wilson_inbound,NA,1755,196s,217s,{r~eGzxk`PrKnLd@l@jJ~N~DrG~D|GvWxa@`BlCt@tAp@`Bh@z@,2025-10-12T23:43:16Z,Williamson St,NA
Park_Badger_inbound,Park_University_inbound,NA,4003,450s,469s,u}teGfwr`P}K?cQAcEBuCD_KAeIIqB@sCXyCh@sA^eC~@aCtAiMrJ{IzGmHvFaEtCg@Rs@NcBBuE?{IFyDCkEAmBEYB[AmCT{DTuKCiIW}DImCYaC?,2025-10-12T23:43:16Z,Wisconsin Law Enforcement Officers Hwy and S Park St,NA
Park_Badger_inbound,Park_University_inbound,NA,4810,538s,534s,u}teGfwr`PEdJB`BQzn@eO@MJwN@MKmCK}A]eBs@s@_@M?sXqRgDsBeAg@u@YsBa@yDCcGC_EGmD?kACOIWIOQQYaGrEaEtCg@Rs@NcBBuE?{IFyDCkEAmBEYB[AmCT{DTuKCiIW}DImCYaC?,2025-10-12T23:43:16Z,Fish Hatchery Rd,NA
Park_University_outbound,Park_Badger_outbound,NA,3987,468s,483s,}v{eGnat`PtC@bALzATd@BpB@fIRhIB`KY|DQ`HDbLA|DApA@bAEf@GdA_@TOnEkDzEsDhCsBlE}CfLcJfCcBvB_AdCy@hBa@jDg@xAEtKBfGAnE@hKKtOFxGA,2025-10-12T23:43:16Z,N Park St,NA
Broom_JND,Broom_Gorham,NA,872,182s,181s,qyzeGv_q`P]l@?Hy@jAmB`DsOpTyIhMm@x@,2025-10-12T23:43:16Z,S Broom St,NA
Regent_Monroe,North_Shore_Bedford_EB,NA,2074,242s,265s,stzeGdmv`PGq@FuHZ{gAH_@?eGBsBX_BdAsFb@cBRoARg@`BeClImLj@}@T{@Hw@@iAEm@Mm@[{@UYo@i@,2025-10-12T23:43:16Z,Regent St,NA
North_Shore_Bedford_WB,Regent_Monroe,NA,2205,261s,281s,eizeGlvq`PrD|Bz@f@XV`@j@Tt@Hh@@~@Ep@W~@i@|@wLzPMV]rBqB|JQ|ACnANdGB^]bkAElEG\NR,2025-10-12T23:43:17Z,US-151 S and Regent St,NA
JND_Rimrock_inbound,Hairball_inbound,NA,3849,278s,289s,sqveG`|n`PwBnDgBvBiB`BgG~DgBv@gJ|CcBt@iAp@_BtAkG~GsBrBcInHkRfQuD~CqAr@qAd@uARuABaAIwKgBcAUwEaBkDcBcBgAg@_@MSmB_BcCmC}@oAk@aAwG{IoImL{CyEmA}AaDoDcCuC]SUG,2025-10-12T23:49:34Z,John Nolen Dr,NA
Hairball_outbound,JND_Rimrock_outbound,NA,3905,286s,312s,gh|eGjeo`P^?\H\TdE`FdCbD`E`GnPnUlDrEfCbD~AnAtChBhCpAxChAlCr@dG~@bFh@fBAvASlAc@tAw@vIoHzMuLtCgCZ_@rEaExHiIhA_A|AaAh@WhGwBjBi@jBu@zA}@nGyE|AaBfAwA~@{AJA^ST@`@L,2025-10-12T23:49:34Z,John Nolen Dr,NA
Johnson_First_inbound,University_Bassett,NA,3483,389s,403s,yy_fGvql`PbDpFJRlD~FdCfEjEvGtD|Gv@rAn@hBJ`A@`CDf@Nn@L\h@hA~DvG`K`PjDzF|Sr\rFxIhBnCt[xg@jApBr@bAnHvL,2025-10-12T23:49:35Z,E Gorham St,NA
University_Bassett,University_Babcock,NA,1409,207s,205s,_w{eGxvr`PJZFp@ArHMbWCdHG|FGjRErT?hDMhFKb@,2025-10-12T23:49:35Z,University Ave,NA
Johnson_Orchard,Johnson_First_outbound,NA,4639,545s,559s,gp{eG`gu`PDkFFkRVch@@eIGe@Wy@eAsBoVm`@qBmD}BoDoAiBeNoTkAuBkf@sv@{Vca@{F}Is@kAkCeFqCeF_@m@s@sAc@s@,2025-10-12T23:49:35Z,W Johnson St,NA
E_Wash_Blair_outbound,E_Wash_E_Springs_outbound,NA,8528,796s,872s,{x|eGluo`PgUg^{LyRsVq`@s@qAiFcImIuMmGyJcFsH{LeQeM}QyFsIs@y@kCoBkAy@oBcBc@k@i@}@e@eAy@gCgHqUSi@gAoB{AoBkCqCwD_DuBiCuAoBy@yAuAwCuAaC[i@yAkBaGwIeGoJyFkIcG{KoEeIcEyHsBsD{AqCkHcMqBkDqHsMuJsOcWgb@o@aAmEsH_FwH{BwDsJmONW,2025-10-12T23:49:35Z,US-151 N/E Washington Ave,NA
E_Wash_Blair_outbound,E_Wash_E_Springs_outbound,NA,11141,886s,930s,{x|eGluo`PgUg^{LyRsVq`@s@qAiFcImIuMmGyJcFsH{LeQeM}QyFsIs@y@kCoBkAy@oBcBc@k@i@}@e@eAy@gCgHqUSi@gAoB{AoBkCqCIWw@eA_BcBIQEk@Ho@?g@SkA[gBMcB?wDE]Rie@p@_mCFuFJSh@aNTwB`@sBTu@~@kCLm@FoAL]HI@i@GSOESD{@b@cATw@QUOGMSISDMPoABgBEGDw@Wc@Yg@o@[u@q@aCeDwKo@qAq@m@{@_@q@GkRW_AGkFOw@Ds@PWJoAz@{CtDi@`@eAb@w@J{FEw@Ja@JaAh@u@XsA|@uAlA]BSEUIU@QPGPwEhDq@RmABo@AOFiCIWI}BCs@FcA`@gAn@u@~@sAtBaN`TwAvBUDUT[IsIaNNW,2025-10-12T23:49:35Z,US-151 N/E Washington Ave and WI-30 E,NA
E_Wash_Blair_outbound,E_Wash_E_Springs_outbound,NA,9039,934s,955s,{x|eGluo`PoEaHwLbQmb@iq@uJqOgG{J{F}Is@kAkCeFqCeF_@m@s@sAyD{F}@eASQuAg@Wg@Kg@}AcCm@w@GAoKqOeG{IuImM_DoE{A}BSw@K{@RqZNe@~@q@{EuO{@aBu@eAy@cAkCqCwD_DuBiCuAoBy@yAuAwCuAaC[i@yAkBaGwIeGoJyFkIcG{KoEeIcEyHsBsD{AqCkHcMqBkDqHsMuJsOcWgb@o@aAmEsH_FwH{BwDsJmONW,2025-10-12T23:49:35Z,E Johnson St and US-151 N/E Washington Ave,NA
Williamson_Wilson_outbound,Williamson_Thornton_outbound,NA,1851,210s,240s,{i|eGr}n`PQaAWs@cDsFk@y@E?{Ra[sHoL}D{GcM}Rs@iAoB}BiI_J,2025-10-12T23:49:36Z,Williamson St,NA
Williamson_Thornton_inbound,Williamson_Wilson_inbound,NA,1755,203s,217s,{r~eGzxk`PrKnLd@l@jJ~N~DrG~D|GvWxa@`BlCt@tAp@`Bh@z@,2025-10-12T23:49:36Z,Williamson St,NA
Park_Badger_inbound,Park_University_inbound,NA,4003,444s,469s,u}teGfwr`P}K?cQAcEBuCD_KAeIIqB@sCXyCh@sA^eC~@aCtAiMrJ{IzGmHvFaEtCg@Rs@NcBBuE?{IFyDCkEAmBEYB[AmCT{DTuKCiIW}DImCYaC?,2025-10-12T23:49:36Z,Wisconsin Law Enforcement Officers Hwy and S Park St,NA
Park_Badger_inbound,Park_University_inbound,NA,4810,542s,534s,u}teGfwr`PEdJB`BQzn@eO@MJwN@MKmCK}A]eBs@s@_@M?sXqRgDsBeAg@u@YsBa@yDCcGC_EGmD?kACOIWIOQQYaGrEaEtCg@Rs@NcBBuE?{IFyDCkEAmBEYB[AmCT{DTuKCiIW}DImCYaC?,2025-10-12T23:49:36Z,Fish Hatchery Rd,NA
Park_University_outbound,Park_Badger_outbound,NA,3987,464s,483s,}v{eGnat`PtC@bALzATd@BpB@fIRhIB`KY|DQ`HDbLA|DApA@bAEf@GdA_@TOnEkDzEsDhCsBlE}CfLcJfCcBvB_AdCy@hBa@jDg@xAEtKBfGAnE@hKKtOFxGA,2025-10-12T23:49:36Z,N Park St,NA
Broom_JND,Broom_Gorham,NA,872,185s,181s,qyzeGv_q`P]l@?Hy@jAmB`DsOpTyIhMm@x@,2025-10-12T23:49:36Z,S Broom St,NA
Regent_Monroe,North_Shore_Bedford_EB,NA,2074,245s,265s,stzeGdmv`PGq@FuHZ{gAH_@?eGBsBX_BdAsFb@cBRoARg@`BeClImLj@}@T{@Hw@@iAEm@Mm@[{@UYo@i@,2025-10-12T23:49:36Z,Regent St,NA
North_Shore_Bedford_WB,Regent_Monroe,NA,2205,269s,281s,eizeGlvq`PrD|Bz@f@XV`@j@Tt@Hh@@~@Ep@W~@i@|@wLzPMV]rBqB|JQ|ACnANdGB^]bkAElEG\NR,2025-10-12T23:49:36Z,US-151 S and Regent St,NA
JND_Rimrock_inbound,Hairball_inbound,NA,3849,279s,289s,sqveG`|n`PwBnDgBvBiB`BgG~DgBv@gJ|CcBt@iAp@_BtAkG~GsBrBcInHkRfQuD~CqAr@qAd@uARuABaAIwKgBcAUwEaBkDcBcBgAg@_@MSmB_BcCmC}@oAk@aAwG{IoImL{CyEmA}AaDoDcCuC]SUG,NA,John Nolen Dr,2025-10-13T00:06:00Z
Hairball_outbound,JND_Rimrock_outbound,NA,3905,287s,312s,gh|eGjeo`P^?\H\TdE`FdCbD`E`GnPnUlDrEfCbD~AnAtChBhCpAxChAlCr@dG~@bFh@fBAvASlAc@tAw@vIoHzMuLtCgCZ_@rEaExHiIhA_A|AaAh@WhGwBjBi@jBu@zA}@nGyE|AaBfAwA~@{AJA^ST@`@L,NA,John Nolen Dr,2025-10-13T00:06:00Z
Johnson_First_inbound,University_Bassett,NA,3483,376s,403s,yy_fGvql`PbDpFJRlD~FdCfEjEvGtD|Gv@rAn@hBJ`A@`CDf@Nn@L\h@hA~DvG`K`PjDzF|Sr\rFxIhBnCt[xg@jApBr@bAnHvL,NA,E Gorham St,2025-10-13T00:06:00Z
University_Bassett,University_Babcock,NA,1409,208s,205s,_w{eGxvr`PJZFp@ArHMbWCdHG|FGjRErT?hDMhFKb@,NA,University Ave,2025-10-13T00:06:01Z
Johnson_Orchard,Johnson_First_outbound,NA,4639,541s,559s,gp{eG`gu`PDkFFkRVch@@eIGe@Wy@eAsBoVm`@qBmD}BoDoAiBeNoTkAuBkf@sv@{Vca@{F}Is@kAkCeFqCeF_@m@s@sAc@s@,NA,W Johnson St,2025-10-13T00:06:01Z
E_Wash_Blair_outbound,E_Wash_E_Springs_outbound,NA,8528,796s,872s,{x|eGluo`PgUg^{LyRsVq`@s@qAiFcImIuMmGyJcFsH{LeQeM}QyFsIs@y@kCoBkAy@oBcBc@k@i@}@e@eAy@gCgHqUSi@gAoB{AoBkCqCwD_DuBiCuAoBy@yAuAwCuAaC[i@yAkBaGwIeGoJyFkIcG{KoEeIcEyHsBsD{AqCkHcMqBkDqHsMuJsOcWgb@o@aAmEsH_FwH{BwDsJmONW,NA,US-151 N/E Washington Ave,2025-10-13T00:06:01Z
E_Wash_Blair_outbound,E_Wash_E_Springs_outbound,NA,9039,925s,955s,{x|eGluo`PoEaHwLbQmb@iq@uJqOgG{J{F}Is@kAkCeFqCeF_@m@s@sAyD{F}@eASQuAg@Wg@Kg@}AcCm@w@GAoKqOeG{IuImM_DoE{A}BSw@K{@RqZNe@~@q@{EuO{@aBu@eAy@cAkCqCwD_DuBiCuAoBy@yAuAwCuAaC[i@yAkBaGwIeGoJyFkIcG{KoEeIcEyHsBsD{AqCkHcMqBkDqHsMuJsOcWgb@o@aAmEsH_FwH{BwDsJmONW,NA,E Johnson St and US-151 N/E Washington Ave,2025-10-13T00:06:01Z
E_Wash_Blair_outbound,E_Wash_E_Springs_outbound,NA,11141,892s,930s,{x|eGluo`PgUg^{LyRsVq`@s@qAiFcImIuMmGyJcFsH{LeQeM}QyFsIs@y@kCoBkAy@oBcBc@k@i@}@e@eAy@gCgHqUSi@gAoB{AoBkCqCIWw@eA_BcBIQEk@Ho@?g@SkA[gBMcB?wDE]Rie@p@_mCFuFJSh@aNTwB`@sBTu@~@kCLm@FoAL]HI@i@GSOESD{@b@cATw@QUOGMSISDMPoABgBEGDw@Wc@Yg@o@[u@q@aCeDwKo@qAq@m@{@_@q@GkRW_AGkFOw@Ds@PWJoAz@{CtDi@`@eAb@w@J{FEw@Ja@JaAh@u@XsA|@uAlA]BSEUIU@QPGPwEhDq@RmABo@AOFiCIWI}BCs@FcA`@gAn@u@~@sAtBaN`TwAvBUDUT[IsIaNNW,NA,US-151 N/E Washington Ave and WI-30 E,2025-10-13T00:06:01Z
Williamson_Wilson_outbound,Williamson_Thornton_outbound,NA,1851,204s,240s,{i|eGr}n`PQaAWs@cDsFk@y@E?{Ra[sHoL}D{GcM}Rs@iAoB}BiI_J,NA,Williamson St,2025-10-13T00:06:01Z
Williamson_Thornton_inbound,Williamson_Wilson_inbound,NA,1755,195s,217s,{r~eGzxk`PrKnLd@l@jJ~N~DrG~D|GvWxa@`BlCt@tAp@`Bh@z@,NA,Williamson St,2025-10-13T00:06:02Z
Park_Badger_inbound,Park_University_inbound,NA,4003,473s,469s,u}teGfwr`P}K?cQAcEBuCD_KAeIIqB@sCXyCh@sA^eC~@aCtAiMrJ{IzGmHvFaEtCg@Rs@NcBBuE?{IFyDCkEAmBEYB[AmCT{DTuKCiIW}DImCYaC?,NA,Wisconsin Law Enforcement Officers Hwy and S Park St,2025-10-13T00:06:02Z
Park_Badger_inbound,Park_University_inbound,NA,4810,544s,534s,u}teGfwr`PEdJB`BQzn@eO@MJwN@MKmCK}A]eBs@s@_@M?sXqRgDsBeAg@u@YsBa@yDCcGC_EGmD?kACOIWIOQQYaGrEaEtCg@Rs@NcBBuE?{IFyDCkEAmBEYB[AmCT{DTuKCiIW}DImCYaC?,NA,Fish Hatchery Rd,2025-10-13T00:06:02Z
Park_University_outbound,Park_Badger_outbound,NA,3987,468s,483s,}v{eGnat`PtC@bALzATd@BpB@fIRhIB`KY|DQ`HDbLA|DApA@bAEf@GdA_@TOnEkDzEsDhCsBlE}CfLcJfCcBvB_AdCy@hBa@jDg@xAEtKBfGAnE@hKKtOFxGA,NA,N Park St,2025-10-13T00:06:02Z
Broom_JND,Broom_Gorham,NA,872,174s,181s,qyzeGv_q`P]l@?Hy@jAmB`DsOpTyIhMm@x@,NA,S Broom St,2025-10-13T00:06:02Z
Regent_Monroe,North_Shore_Bedford_EB,NA,2074,247s,265s,stzeGdmv`PGq@FuHZ{gAH_@?eGBsBX_BdAsFb@cBRoARg@`BeClImLj@}@T{@Hw@@iAEm@Mm@[{@UYo@i@,NA,Regent St,2025-10-13T00:06:02Z
North_Shore_Bedford_WB,Regent_Monroe,NA,2205,269s,281s,eizeGlvq`PrD|Bz@f@XV`@j@Tt@Hh@@~@Ep@W~@i@|@wLzPMV]rBqB|JQ|ACnANdGB^]bkAElEG\NR,NA,US-151 S and Regent St,2025-10-13T00:06:02Z
JND_Rimrock_inbound,Hairball_inbound,NA,3849,265s,289s,sqveG`|n`PwBnDgBvBiB`BgG~DgBv@gJ|CcBt@iAp@_BtAkG~GsBrBcInHkRfQuD~CqAr@qAd@uARuABaAIwKgBcAUwEaBkDcBcBgAg@_@MSmB_BcCmC}@oAk@aAwG{IoImL{CyEmA}AaDoDcCuC]SUG,NA,John Nolen Dr,2025-10-13T00:57:49Z
Hairball_outbound,JND_Rimrock_outbound,NA,3905,280s,312s,gh|eGjeo`P^?\H\TdE`FdCbD`E`GnPnUlDrEfCbD~AnAtChBhCpAxChAlCr@dG~@bFh@fBAvASlAc@tAw@vIoHzMuLtCgCZ_@rEaExHiIhA_A|AaAh@WhGwBjBi@jBu@zA}@nGyE|AaBfAwA~@{AJA^ST@`@L,NA,John Nolen Dr,2025-10-13T00:57:50Z
Johnson_First_inbound,University_Bassett,NA,3483,370s,403s,yy_fGvql`PbDpFJRlD~FdCfEjEvGtD|Gv@rAn@hBJ`A@`CDf@Nn@L\h@hA~DvG`K`PjDzF|Sr\rFxIhBnCt[xg@jApBr@bAnHvL,NA,E Gorham St,2025-10-13T00:57:50Z
University_Bassett,University_Babcock,NA,1409,207s,205s,_w{eGxvr`PJZFp@ArHMbWCdHG|FGjRErT?hDMhFKb@,NA,University Ave,2025-10-13T00:57:50Z
Johnson_Orchard,Johnson_First_outbound,NA,4639,526s,559s,gp{eG`gu`PDkFFkRVch@@eIGe@Wy@eAsBoVm`@qBmD}BoDoAiBeNoTkAuBkf@sv@{Vca@{F}Is@kAkCeFqCeF_@m@s@sAc@s@,NA,W Johnson St,2025-10-13T00:57:50Z
E_Wash_Blair_outbound,E_Wash_E_Springs_outbound,NA,8528,774s,872s,{x|eGluo`PgUg^{LyRsVq`@s@qAiFcImIuMmGyJcFsH{LeQeM}QyFsIs@y@kCoBkAy@oBcBc@k@i@}@e@eAy@gCgHqUSi@gAoB{AoBkCqCwD_DuBiCuAoBy@yAuAwCuAaC[i@yAkBaGwIeGoJyFkIcG{KoEeIcEyHsBsD{AqCkHcMqBkDqHsMuJsOcWgb@o@aAmEsH_FwH{BwDsJmONW,NA,US-151 N/E Washington Ave,2025-10-13T00:57:50Z
E_Wash_Blair_outbound,E_Wash_E_Springs_outbound,NA,9039,901s,955s,{x|eGluo`PoEaHwLbQmb@iq@uJqOgG{J{F}Is@kAkCeFqCeF_@m@s@sAyD{F}@eASQuAg@Wg@Kg@}AcCm@w@GAoKqOeG{IuImM_DoE{A}BSw@K{@RqZNe@~@q@{EuO{@aBu@eAy@cAkCqCwD_DuBiCuAoBy@yAuAwCuAaC[i@yAkBaGwIeGoJyFkIcG{KoEeIcEyHsBsD{AqCkHcMqBkDqHsMuJsOcWgb@o@aAmEsH_FwH{BwDsJmONW,NA,E Johnson St and US-151 N/E Washington Ave,2025-10-13T00:57:50Z
E_Wash_Blair_outbound,E_Wash_E_Springs_outbound,NA,11141,886s,930s,{x|eGluo`PgUg^{LyRsVq`@s@qAiFcImIuMmGyJcFsH{LeQeM}QyFsIs@y@kCoBkAy@oBcBc@k@i@}@e@eAy@gCgHqUSi@gAoB{AoBkCqCIWw@eA_BcBIQEk@Ho@?g@SkA[gBMcB?wDE]Rie@p@_mCFuFJSh@aNTwB`@sBTu@~@kCLm@FoAL]HI@i@GSOESD{@b@cATw@QUOGMSISDMPoABgBEGDw@Wc@Yg@o@[u@q@aCeDwKo@qAq@m@{@_@q@GkRW_AGkFOw@Ds@PWJoAz@{CtDi@`@eAb@w@J{FEw@Ja@JaAh@u@XsA|@uAlA]BSEUIU@QPGPwEhDq@RmABo@AOFiCIWI}BCs@FcA`@gAn@u@~@sAtBaN`TwAvBUDUT[IsIaNNW,NA,US-151 N/E Washington Ave and WI-30 E,2025-10-13T00:57:50Z
Williamson_Wilson_outbound,Williamson_Thornton_outbound,NA,1851,209s,240s,{i|eGr}n`PQaAWs@cDsFk@y@E?{Ra[sHoL}D{GcM}Rs@iAoB}BiI_J,NA,Williamson St,2025-10-13T00:57:50Z
Williamson_Thornton_inbound,Williamson_Wilson_inbound,NA,1755,203s,217s,{r~eGzxk`PrKnLd@l@jJ~N~DrG~D|GvWxa@`BlCt@tAp@`Bh@z@,NA,Williamson St,2025-10-13T00:57:50Z
Park_Badger_inbound,Park_University_inbound,NA,4003,443s,469s,u}teGfwr`P}K?cQAcEBuCD_KAeIIqB@sCXyCh@sA^eC~@aCtAiMrJ{IzGmHvFaEtCg@Rs@NcBBuE?{IFyDCkEAmBEYB[AmCT{DTuKCiIW}DImCYaC?,NA,Wisconsin Law Enforcement Officers Hwy and S Park St,2025-10-13T00:57:51Z
Park_Badger_inbound,Park_University_inbound,NA,4810,541s,534s,u}teGfwr`PEdJB`BQzn@eO@MJwN@MKmCK}A]eBs@s@_@M?sXqRgDsBeAg@u@YsBa@yDCcGC_EGmD?kACOIWIOQQYaGrEaEtCg@Rs@NcBBuE?{IFyDCkEAmBEYB[AmCT{DTuKCiIW}DImCYaC?,NA,Fish Hatchery Rd,2025-10-13T00:57:51Z
Park_University_outbound,Park_Badger_outbound,NA,3987,462s,483s,}v{eGnat`PtC@bALzATd@BpB@fIRhIB`KY|DQ`HDbLA|DApA@bAEf@GdA_@TOnEkDzEsDhCsBlE}CfLcJfCcBvB_AdCy@hBa@jDg@xAEtKBfGAnE@hKKtOFxGA,NA,N Park St,2025-10-13T00:57:51Z
Broom_JND,Broom_Gorham,NA,872,169s,181s,qyzeGv_q`P]l@?Hy@jAmB`DsOpTyIhMm@x@,NA,S Broom St,2025-10-13T00:57:51Z
Regent_Monroe,North_Shore_Bedford_EB,NA,2074,242s,265s,stzeGdmv`PGq@FuHZ{gAH_@?eGBsBX_BdAsFb@cBRoARg@`BeClImLj@}@T{@Hw@@iAEm@Mm@[{@UYo@i@,NA,Regent St,2025-10-13T00:57:51Z
North_Shore_Bedford_WB,Regent_Monroe,NA,2205,265s,281s,eizeGlvq`PrD|Bz@f@XV`@j@Tt@Hh@@~@Ep@W~@i@|@wLzPMV]rBqB|JQ|ACnANdGB^]bkAElEG\NR,NA,US-151 S and Regent St,2025-10-13T00:57:51Z
JND_Rimrock_inbound,Hairball_inbound,NA,3849,259s,289s,sqveG`|n`PwBnDgBvBiB`BgG~DgBv@gJ|CcBt@iAp@_BtAkG~GsBrBcInHkRfQuD~CqAr@qAd@uARuABaAIwKgBcAUwEaBkDcBcBgAg@_@MSmB_BcCmC}@oAk@aAwG{IoImL{CyEmA}AaDoDcCuC]SUG,NA,John Nolen Dr,2025-10-13T01:07:47Z
Hairball_outbound,JND_Rimrock_outbound,NA,3905,284s,312s,gh|eGjeo`P^?\H\TdE`FdCbD`E`GnPnUlDrEfCbD~AnAtChBhCpAxChAlCr@dG~@bFh@fBAvASlAc@tAw@vIoHzMuLtCgCZ_@rEaExHiIhA_A|AaAh@WhGwBjBi@jBu@zA}@nGyE|AaBfAwA~@{AJA^ST@`@L,NA,John Nolen Dr,2025-10-13T01:07:47Z
Johnson_First_inbound,University_Bassett,NA,3483,372s,403s,yy_fGvql`PbDpFJRlD~FdCfEjEvGtD|Gv@rAn@hBJ`A@`CDf@Nn@L\h@hA~DvG`K`PjDzF|Sr\rFxIhBnCt[xg@jApBr@bAnHvL,NA,E Gorham St,2025-10-13T01:07:47Z
University_Bassett,University_Babcock,NA,1409,195s,205s,_w{eGxvr`PJZFp@ArHMbWCdHG|FGjRErT?hDMhFKb@,NA,University Ave,2025-10-13T01:07:47Z
Johnson_Orchard,Johnson_First_outbound,NA,4639,529s,559s,gp{eG`gu`PDkFFkRVch@@eIGe@Wy@eAsBoVm`@qBmD}BoDoAiBeNoTkAuBkf@sv@{Vca@{F}Is@kAkCeFqCeF_@m@s@sAc@s@,NA,W Johnson St,2025-10-13T01:07:47Z
E_Wash_Blair_outbound,E_Wash_E_Springs_outbound,NA,8528,781s,872s,{x|eGluo`PgUg^{LyRsVq`@s@qAiFcImIuMmGyJcFsH{LeQeM}QyFsIs@y@kCoBkAy@oBcBc@k@i@}@e@eAy@gCgHqUSi@gAoB{AoBkCqCwD_DuBiCuAoBy@yAuAwCuAaC[i@yAkBaGwIeGoJyFkIcG{KoEeIcEyHsBsD{AqCkHcMqBkDqHsMuJsOcWgb@o@aAmEsH_FwH{BwDsJmONW,NA,US-151 N/E Washington Ave,2025-10-13T01:07:48Z
E_Wash_Blair_outbound,E_Wash_E_Springs_outbound,NA,9039,904s,955s,{x|eGluo`PoEaHwLbQmb@iq@uJqOgG{J{F}Is@kAkCeFqCeF_@m@s@sAyD{F}@eASQuAg@Wg@Kg@}AcCm@w@GAoKqOeG{IuImM_DoE{A}BSw@K{@RqZNe@~@q@{EuO{@aBu@eAy@cAkCqCwD_DuBiCuAoBy@yAuAwCuAaC[i@yAkBaGwIeGoJyFkIcG{KoEeIcEyHsBsD{AqCkHcMqBkDqHsMuJsOcWgb@o@aAmEsH_FwH{BwDsJmONW,NA,E Johnson St and US-151 N/E Washington Ave,2025-10-13T01:07:48Z
E_Wash_Blair_outbound,E_Wash_E_Springs_outbound,NA,11141,883s,930s,{x|eGluo`PgUg^{LyRsVq`@s@qAiFcImIuMmGyJcFsH{LeQeM}QyFsIs@y@kCoBkAy@oBcBc@k@i@}@e@eAy@gCgHqUSi@gAoB{AoBkCqCIWw@eA_BcBIQEk@Ho@?g@SkA[gBMcB?wDE]Rie@p@_mCFuFJSh@aNTwB`@sBTu@~@kCLm@FoAL]HI@i@GSOESD{@b@cATw@QUOGMSISDMPoABgBEGDw@Wc@Yg@o@[u@q@aCeDwKo@qAq@m@{@_@q@GkRW_AGkFOw@Ds@PWJoAz@{CtDi@`@eAb@w@J{FEw@Ja@JaAh@u@XsA|@uAlA]BSEUIU@QPGPwEhDq@RmABo@AOFiCIWI}BCs@FcA`@gAn@u@~@sAtBaN`TwAvBUDUT[IsIaNNW,NA,US-151 N/E Washington Ave and WI-30 E,2025-10-13T01:07:48Z
Williamson_Wilson_outbound,Williamson_Thornton_outbound,NA,1851,205s,240s,{i|eGr}n`PQaAWs@cDsFk@y@E?{Ra[sHoL}D{GcM}Rs@iAoB}BiI_J,NA,Williamson St,2025-10-13T01:07:48Z
Williamson_Thornton_inbound,Williamson_Wilson_inbound,NA,1755,207s,217s,{r~eGzxk`PrKnLd@l@jJ~N~DrG~D|GvWxa@`BlCt@tAp@`Bh@z@,NA,Williamson St,2025-10-13T01:07:48Z
Park_Badger_inbound,Park_University_inbound,NA,4003,439s,469s,u}teGfwr`P}K?cQAcEBuCD_KAeIIqB@sCXyCh@sA^eC~@aCtAiMrJ{IzGmHvFaEtCg@Rs@NcBBuE?{IFyDCkEAmBEYB[AmCT{DTuKCiIW}DImCYaC?,NA,Wisconsin Law Enforcement Officers Hwy and S Park St,2025-10-13T01:07:48Z
Park_Badger_inbound,Park_University_inbound,NA,4810,531s,534s,u}teGfwr`PEdJB`BQzn@eO@MJwN@MKmCK}A]eBs@s@_@M?sXqRgDsBeAg@u@YsBa@yDCcGC_EGmD?kACOIWIOQQYaGrEaEtCg@Rs@NcBBuE?{IFyDCkEAmBEYB[AmCT{DTuKCiIW}DImCYaC?,NA,Fish Hatchery Rd,2025-10-13T01:07:48Z
Park_University_outbound,Park_Badger_outbound,NA,3987,457s,483s,}v{eGnat`PtC@bALzATd@BpB@fIRhIB`KY|DQ`HDbLA|DApA@bAEf@GdA_@TOnEkDzEsDhCsBlE}CfLcJfCcBvB_AdCy@hBa@jDg@xAEtKBfGAnE@hKKtOFxGA,NA,N Park St,2025-10-13T01:07:48Z
Broom_JND,Broom_Gorham,NA,872,191s,181s,qyzeGv_q`P]l@?Hy@jAmB`DsOpTyIhMm@x@,NA,S Broom St,2025-10-13T01:07:49Z
Regent_Monroe,North_Shore_Bedford_EB,NA,2074,230s,265s,stzeGdmv`PGq@FuHZ{gAH_@?eGBsBX_BdAsFb@cBRoARg@`BeClImLj@}@T{@Hw@@iAEm@Mm@[{@UYo@i@,NA,Regent St,2025-10-13T01:07:49Z
North_Shore_Bedford_WB,Regent_Monroe,NA,2205,268s,281s,eizeGlvq`PrD|Bz@f@XV`@j@Tt@Hh@@~@Ep@W~@i@|@wLzPMV]rBqB|JQ|ACnANdGB^]bkAElEG\NR,NA,US-151 S and Regent St,2025-10-13T01:07:49Z
